1234.0, 1234.0, 6, 6
1234.0, 1234.0, 6, 6
1234.0, 1234.0, 6, 6
1234.0, 1234.0, 6, 6
1234.0, 1234.0, 6, 6
1234.0, 1234.0, 6, 6
1234.0, 1234.0, 6, 6
1234.0, 1234.0, 6, 6
1234.0, 1234.0, 6, 6
1234.0, 1234.0, 6, 6
1234.0, 1234.0, 6, 6
1234.0, 1234.0, 6, 6
1234.0, 1234.0, 6, 6
1234.0, 1234.0, 6, 6
1234.0, 1234.0, 6, 6
1234.0, 1234.0, 6, 6
1234.0, 1234.0, 6, 6
1234.0, 1234.0, 6, 6
1234.0, 1234.0, 6, 6
1234.0, 1234.0, 6, 6
1234.0, 1234.0, 6, 6
1234.0, 1234.0, 6, 6
1234.0, 1234.0, 6, 6
1234.0, 1234.0, 6, 6
1234.0, 1234.0, 6, 6
1234.0, 1234.0, 6, 6
1234.0, 1234.0, 6, 6
1234.0, 1234.0, 6, 6
1234.0, 1234.0, 6, 6
1234.0, 1234.0, 6, 6
1234.0, 1234.0, 6, 6
1234.0, 1234.0, 6, 6
1234.0, 1234.0, 6, 6
1234.0, 1234.0, 6, 6
1234.0, 1234.0, 6, 6
1234.0, 1234.0, 6, 6
1234.0, 1234.0, 6, 6
1234.0, 1234.0, 6, 6
1234.0, 1234.0, 6, 6
1234.0, 0.19747284, 6, 6
3.0626855, 0.19444284, 6, 6
3.0675135, 0.1823213, 6, 6
3.0723014, 0.15673062, 6, 6
3.0838413, 0.112032995, 6, 6
3.0838413, 0.112032995, 6, 6
3.0976396, 0.06724605, 6, 6
3.115555, 0.029075613, 6, 6
-3.1246011, -0.022292394, 6, 6
-3.0606244, -0.070997536, 6, 6
-2.9928691, -0.10831547, 6, 6
-2.935917, -0.13807182, 6, 6
-2.8943694, -0.15844585, 6, 6
-2.8682375, -0.16925538, 6, 6
-2.8501253, -0.17541708, 6, 6
-2.8378506, -0.17849365, 6, 6
-2.8300323, -0.18156728, 6, 6
-2.8223095, -0.18770553, 6, 6
-2.8181906, -0.19077, 6, 6
-2.8193579, -0.19077, 6, 6
-2.8321412, -0.18923815, 6, 6
-2.8603995, -0.18588413, 6, 6
-2.885655, -0.17821713, 6, 6
-2.9313335, -0.16719337, 6, 6
-2.9979713, -0.14073598, 6, 6
-3.0508587, -0.09864191, 6, 6
-3.095666, -0.0599778, 6, 6
-3.136346, -0.031892467, 6, 6
3.1173244, -0.01288336, 6, 6
3.1018717, -0.0016209804, 6, 6
3.0882592, 0.0065258956, 6, 6
3.0730472, 0.01475501, 6, 6
3.0579655, 0.021346256, 6, 6
3.0464, 0.026270645, 6, 6
3.0349345, 0.027911728, 6, 6
3.0349345, 0.027911728, 6, 6
3.0332527, 0.027911728, 6, 6
3.0332527, 0.027911728, 6, 6
3.0332527, 0.026270645, 6, 6
3.0332527, 0.022987766, 6, 6
3.0332527, 0.019704562, 6, 6
3.0349345, 0.01475501, 6, 6
3.0382998, 0.008170709, 6, 6
3.0403252, 0.0016315593, 6, 6
3.0436823, -0.0016315593, 6, 6
3.0472004, -0.00489447, 6, 6
3.0507083, -0.008157382, 6, 6
3.05588, -0.011420149, 6, 6
3.0676055, -0.016287368, 6, 6
3.0676055, -0.016287368, 6, 6
3.0726361, -0.016287368, 6, 6
3.0759916, -0.016287368, 6, 6
3.0793483, -0.016287368, 6, 6
3.082706, -0.016287368, 6, 6
3.0875633, -0.016287368, 6, 6
3.094067, -0.016287368, 6, 6
3.094067, -0.016287368, 6, 6
3.1006413, -0.016260887, 6, 6
3.1039226, -0.016260887, 6, 6
3.1039226, -0.016260887, 6, 6
3.1056335, -0.016260887, 6, 6
3.1088881, -0.016260887, 6, 6
3.112329, -0.016260887, 6, 6
3.112329, -0.016260887, 6, 6
3.114002, -0.016260887, 6, 6
3.1157258, -0.016260887, 6, 6
3.1157258, -0.013009054, 6, 6
3.117408, -0.0146349585, 6, 6
3.119135, -0.0146349585, 6, 6
3.119096, -0.0146349585, 6, 6
3.1225564, -0.013009054, 6, 6
3.1242568, -0.013009054, 6, 6
3.1242568, -0.009756993, 6, 6
3.1242568, -0.011383005, 6, 6
3.1242266, -0.009756993, 6, 6
3.1242266, -0.009756993, 6, 6
3.1242266, -0.009756993, 6, 6
3.1242266, -0.0048785494, 6, 6
3.1242266, -0.0048785494, 6, 6
3.1259084, -0.004886496, 6, 6
3.1259084, -0.004886496, 6, 6
3.125881, -0.001634225, 6, 6
3.125881, -0.001634225, 6, 6
3.1258535, 0.0, 6, 6
3.125826, 0.0, 6, 6
3.125826, 0.0, 6, 6
3.125826, 0.0, 6, 6
3.125826, 0.001634225, 6, 6
3.1257982, 0.001634225, 6, 6
3.1257982, 0.001634225, 6, 6
3.1257982, 0.001634225, 6, 6
3.1240437, 0.001634225, 6, 6
3.1240437, 0.001634225, 6, 6
3.1240437, 0.001634225, 6, 6
3.1240437, 0.001634225, 6, 6
3.1240437, 0.001634225, 6, 6
3.1222892, 0.001634225, 6, 6
3.120535, 0.001634225, 6, 6
3.120535, 0.001634225, 6, 6
3.1187804, 0.001634225, 6, 6
3.1187804, 0.001634225, 6, 6
3.1187804, 0.001634225, 6, 6
3.1187804, 0.001634225, 6, 6
3.122323, 0.001634225, 6, 6
3.1258535, 0.001634225, 6, 6
-3.138107, 0.001634225, 6, 6
-3.08789, 0.001634225, 6, 6
-2.9686427, 0.0, 6, 6
-2.9686427, 0.0, 6, 6
-2.9091406, -0.0032683527, 6, 6
-2.858119, -0.0032683527, 6, 6
-2.8238244, -0.004902466, 6, 6
-2.7994533, -0.006536647, 6, 6
-2.7829185, -0.006536647, 6, 6
-2.7695296, -0.006536647, 6, 6
-2.7606752, -0.006536647, 6, 6
-2.7489607, -0.006536647, 6, 6
-2.7460487, -0.006536647, 6, 6
-2.7431433, -0.006536647, 6, 6
-2.7402449, -0.006547348, 6, 6
-2.7387981, -0.006547348, 6, 6
-2.737353, -0.006547348, 6, 6
-2.7359097, -0.006547348, 6, 6
-2.7338505, -0.006547348, 6, 6
-2.7338505, -0.006547348, 6, 6
-2.7332313, -0.006547348, 6, 6
-2.7332313, -0.006547348, 6, 6
-2.7332313, -0.006547348, 6, 6
-2.734057, -0.006547348, 6, 6
-2.734057, -0.006547348, 6, 6
-2.7355053, -0.006547348, 6, 6
-2.7371736, -0.006547348, 6, 6
-2.7371736, -0.006547348, 6, 6
-2.7371736, -0.006547348, 6, 6
-2.7400894, -0.006547348, 6, 6
-2.74155, -0.006547348, 6, 6
-2.7430122, -0.006547348, 6, 6
-2.74155, -0.006547348, 6, 6
-2.74155, -0.006547348, 6, 6
-2.7409356, -0.006547348, 6, 6
-2.7409356, -0.006547348, 6, 6
-2.7409356, -0.006547348, 6, 6
-2.7409356, -0.006547348, 6, 6
-2.7409356, -0.006547348, 6, 6
-2.7423997, -0.006547348, 6, 6
-2.7417853, -0.006547348, 6, 6
-2.7417853, -0.006547348, 6, 6
-2.741169, -0.006547348, 6, 6
-2.7397015, -0.006547348, 6, 6
-2.7397015, -0.006547348, 6, 6
-2.7397015, -0.006547348, 6, 6
-2.7397015, -0.006547348, 6, 6
-2.7420223, -0.006547348, 6, 6
-2.7420223, -0.006547348, 6, 6
-2.7420223, -0.006547348, 6, 6
-2.7420223, -0.006547348, 6, 6
-2.7420223, -0.006547348, 6, 6
-2.7420223, -0.006547348, 6, 6
-2.7420223, -0.006547348, 6, 6
-2.7420223, -0.006547348, 6, 6
-2.7414043, -0.006547348, 6, 6
-2.7414043, -0.006547348, 6, 6
-2.7414043, -0.006547348, 6, 6
-2.7428787, -0.006547348, 6, 6
-2.7428787, -0.006547348, 6, 6
-2.7428787, -0.006547348, 6, 6
-2.7428787, -0.006547348, 6, 6
-2.7407844, -0.006547348, 6, 6
-2.7407844, -0.006547348, 6, 6
-2.7407844, -0.006547348, 6, 6
-2.7407844, -0.006547348, 6, 6
-2.7407844, -0.006547348, 6, 6
-2.7407844, -0.006547348, 6, 6
-2.7407844, -0.006547348, 6, 6
-2.7407844, -0.006547348, 6, 6
-2.7407844, -0.006547348, 6, 6
-2.7407844, -0.006558082, 6, 6
-2.7407844, -0.006558082, 6, 6
-2.7407844, -0.006558082, 6, 6
-2.7407844, -0.006558082, 6, 6
-2.7407844, -0.0032952782, 6, 6
-2.7407844, -0.0016504076, 6, 6
-2.741641, 0.0, 6, 6
-2.741641, 0.0, 6, 6
-2.741641, 0.0, 6, 6
-2.741641, 0.0, 6, 6
-2.741641, 0.0, 6, 6
-2.741641, 0.0, 6, 6
-2.741641, 0.0016558736, 6, 6
-2.741641, 0.0016558736, 6, 6
-2.741641, 0.0016558736, 6, 6
-2.741641, 0.0016558736, 6, 6
-2.746086, 0.0016558736, 6, 6
-2.746086, 0.0016558736, 6, 6
-2.746086, 0.0016558736, 6, 6
-2.7858167, 0.0033116483, 6, 6
-2.879201, 0.004967499, 6, 6
-2.879201, 0.004967499, 6, 6
-3.0972981, 0.004967499, 6, 6
3.1368668, 0.004967499, 6, 6
3.1053734, 0.008278942, 6, 6
3.09279, 0.008278942, 6, 6
3.0896459, 0.008278942, 6, 6
3.0879898, 0.009934701, 6, 6
3.086329, 0.009934701, 6, 6
3.086066, 0.013267949, 6, 6
3.0857117, 0.014926295, 6, 6
3.085533, 0.014926295, 6, 6
3.086957, 0.014926295, 6, 6
3.0883906, 0.014926295, 6, 6
3.0883048, 0.014926295, 6, 6
3.0898335, 0.014926295, 6, 6
3.0913675, 0.016584387, 6, 6
3.0913675, 0.018242493, 6, 6
3.0913675, 0.023216462, 6, 6
3.0929856, 0.026531976, 6, 6
3.0962222, 0.03813156, 6, 6
3.0978408, 0.046411995, 6, 6
3.0994596, 0.0645018, 6, 6
3.0994596, 0.08906803, 6, 6
3.1026978, 0.11164703, 6, 6
3.1059942, 0.1406757, 6, 6
3.1076112, 0.15198258, 6, 6
3.1092284, 0.16647057, 6, 6
3.1108458, 0.18409601, 6, 6
3.1124632, 0.20704867, 6, 6
3.1156986, 0.23387372, 6, 6
3.1173165, 0.26317638, 6, 6
3.1173165, 0.30937544, 6, 6
3.1173556, 0.36762357, 6, 6
3.1189709, 0.41637763, 6, 6
3.1189709, 0.43633232, 6, 6
3.1205864, 0.43633232, 6, 6
3.1222332, 0.43633232, 6, 6
3.1255112, 0.43633232, 6, 6
3.1254852, 0.43633232, 6, 6
3.1287065, 0.43633232, 6, 6
3.1303172, 0.43633232, 6, 6
3.1319277, 0.43633232, 6, 6
3.1319277, 0.43633232, 6, 6
3.1319277, 0.43633232, 6, 6
3.1319277, 0.43633232, 6, 6
3.1319277, 0.43633232, 6, 6
3.1319277, 0.43633232, 6, 6
3.1319277, 0.43633232, 6, 6
3.1319277, 0.43633232, 6, 6
3.1335385, 0.43633232, 6, 6
3.1335385, 0.43633232, 6, 6
3.1351495, 0.43633232, 6, 6
3.1351495, 0.43633232, 6, 6
3.1351495, 0.43633232, 6, 6
3.1351495, 0.43363222, 6, 6
3.1351495, 0.4259714, 6, 6
3.1351495, 0.41896883, 6, 6
3.1335385, 0.4086769, 6, 6
3.1335385, 0.40050396, 6, 6
3.1335385, 0.3935673, 6, 6
3.1351495, 0.38807788, 6, 6
3.1351495, 0.38404027, 6, 6
3.1351495, 0.3820268, 6, 6
3.1351495, 0.37857842, 6, 6
3.1351495, 0.37657228, 6, 6
3.1351495, 0.37657228, 6, 6
3.135139, 0.37657228, 6, 6
3.135139, 0.37657228, 6, 6
3.135139, 0.37657228, 6, 6
3.1351285, 0.37600768, 6, 6
3.1351285, 0.37600768, 6, 6
3.1351182, 0.37600768, 6, 6
3.1367366, 0.37600768, 6, 6
3.1367366, 0.37600768, 6, 6
3.1367366, 0.37600768, 6, 6
3.1367288, 0.37600768, 6, 6
3.1415927, 0.373691, 6, 6
-3.1301885, 0.36757034, 6, 6
-3.1301885, 0.36757034, 6, 6
-3.05265, 0.29708454, 6, 6
-2.9025748, 0.14580563, 6, 6
-2.7705374, -0.03721509, 6, 6
-2.7052605, -0.32384166, 6, 6
-2.7052605, -0.38958287, 6, 6
-2.7052605, -0.42413956, 6, 6
-2.7052605, -0.42413956, 6, 6
-2.7052605, -0.43633232, 6, 6
-2.7052605, -0.43633232, 6, 6
-2.7052605, -0.43633232, 6, 6
-2.7052605, -0.43633232, 6, 6
-2.7052605, -0.43633232, 6, 6
-2.7052605, -0.43633232, 6, 6
-2.7052605, -0.43633232, 6, 6
-2.7052605, -0.43633232, 6, 6
-2.7052605, -0.43633232, 6, 6
-2.7052605, -0.43633232, 6, 6
-2.7052605, -0.43633232, 6, 6
-2.7052605, -0.43633232, 6, 6
-2.7052605, -0.43633232, 6, 6
-2.7052605, -0.43633232, 6, 6
-2.7052605, -0.43633232, 6, 6
-2.7052605, -0.43633232, 6, 6
-2.7052605, -0.43633232, 6, 6
-2.7052605, -0.43633232, 6, 6
-2.7052605, -0.43633232, 6, 6
-2.7052605, -0.43633232, 6, 6
-2.7052605, -0.43633232, 6, 6
-2.7052605, -0.43633232, 6, 6
-2.7052605, -0.43633232, 6, 6
-2.7052605, -0.43633232, 6, 6
-2.7052605, -0.43633232, 6, 6
-2.7052605, -0.43633232, 6, 6
-2.7052605, -0.43633232, 6, 6
-2.7052605, -0.43633232, 6, 6
-2.7052605, -0.43633232, 6, 6
-2.7052605, -0.43633232, 6, 6
-2.7052605, -0.43633232, 6, 6
-2.7052605, -0.43633232, 6, 6
-2.7052605, -0.43633232, 6, 6
-2.7052605, -0.43633232, 6, 6
-2.7166083, -0.43633232, 6, 6
-2.724486, -0.43633232, 6, 6
-2.7323904, -0.43633232, 6, 6
-2.7438655, -0.43633232, 6, 6
-2.7532957, -0.43633232, 6, 6
-2.759209, -0.43633232, 6, 6
-2.759209, -0.43633232, 6, 6
-2.7618682, -0.43633232, 6, 6
-2.7618682, -0.43633232, 6, 6
-2.7618682, -0.43633232, 6, 6
-2.7654126, -0.43633232, 6, 6
-2.768378, -0.43633232, 6, 6
-2.7698631, -0.43633232, 6, 6
-2.7698631, -0.43633232, 6, 6
-2.7773125, -0.43633232, 6, 6
-2.7773125, -0.43633232, 6, 6
-2.7773125, -0.43633232, 6, 6
-2.7773125, -0.43633232, 6, 6
-2.7773125, -0.43633232, 6, 6
-2.7773125, -0.43633232, 6, 6
-2.7773125, -0.43633232, 6, 6
-2.7773125, -0.43633232, 6, 6
-2.7773125, -0.43633232, 6, 6
-2.7788072, -0.43633232, 6, 6
-2.7788072, -0.43633232, 6, 6
-2.7788072, -0.43633232, 6, 6
-2.7788072, -0.43633232, 6, 6
-2.7788072, -0.43633232, 6, 6
-2.7782423, -0.43633232, 6, 6
-2.7782423, -0.43633232, 6, 6
-2.7776756, -0.43633232, 6, 6
-2.7776756, -0.43633232, 6, 6
-2.7771072, -0.43633232, 6, 6
-2.7771072, -0.43633232, 6, 6
-2.7765372, -0.43633232, 6, 6
-2.7765372, -0.43633232, 6, 6
-2.7765372, -0.43633232, 6, 6
-2.7765372, -0.43633232, 6, 6
-2.7780411, -0.43633232, 6, 6
-2.7780411, -0.43633232, 6, 6
-2.7780411, -0.43633232, 6, 6
-2.7780411, -0.43633232, 6, 6
-2.7780411, -0.43633232, 6, 6
-2.7774713, -0.43633232, 6, 6
-2.7774713, -0.43633232, 6, 6
-2.7768998, -0.43633232, 6, 6
-2.7768998, -0.43633232, 6, 6
-2.7768998, -0.43633232, 6, 6
-2.7784092, -0.43633232, 6, 6
-2.7799203, -0.43633232, 6, 6
-2.7799203, -0.43633232, 6, 6
-2.7784092, -0.43633232, 6, 6
-2.7799203, -0.43633232, 6, 6
-2.7799203, -0.43633232, 6, 6
-2.7799203, -0.43633232, 6, 6
-2.77878, -0.43633232, 6, 6
-2.77878, -0.43633232, 6, 6
-2.77878, -0.43633232, 6, 6
-2.77878, -0.43633232, 6, 6
-2.77878, -0.43633232, 6, 6
-2.77878, -0.43633232, 6, 6
-2.77878, -0.43633232, 6, 6
-2.777265, -0.43633232, 6, 6
-2.7757516, -0.43633232, 6, 6
-2.7757516, -0.43633232, 6, 6
-2.7742398, -0.43633232, 6, 6
-2.7742398, -0.43633232, 6, 6
-2.7742398, -0.43633232, 6, 6
-2.7757516, -0.43633232, 6, 6
-2.7757516, -0.43633232, 6, 6
-2.7757516, -0.43633232, 6, 6
-2.7757516, -0.43633232, 6, 6
-2.7757516, -0.43633232, 6, 6
-2.7757516, -0.43633232, 6, 6
-2.7757516, -0.43633232, 6, 6
-2.7757516, -0.43633232, 6, 6
-2.7757516, -0.43633232, 6, 6
-2.7757516, -0.43633232, 6, 6
-2.7757516, -0.43633232, 6, 6
-2.7757516, -0.43633232, 6, 6
-2.7757516, -0.43130308, 6, 6
-2.7757516, -0.38946784, 6, 6
-2.7757516, -0.38946784, 6, 6
-2.7757516, -0.3243603, 6, 6
-2.7757516, -0.21016344, 6, 6
-2.7757516, -0.05049282, 6, 6
-2.7757516, 0.10650307, 6, 6
-2.7742398, 0.22167021, 6, 6
-2.7727296, 0.30794525, 6, 6
-2.7727296, 0.36326918, 6, 6
-2.7712212, 0.40765715, 6, 6
-2.7712212, 0.415394, 6, 6
-2.7712212, 0.415394, 6, 6
-2.7712212, 0.4231376, 6, 6
-2.7697144, 0.42471966, 6, 6
-2.7697144, 0.42471966, 6, 6
-2.7697144, 0.42471966, 6, 6
-2.7697144, 0.42471966, 6, 6
-2.7682092, 0.42471966, 6, 6
-2.7682092, 0.42471966, 6, 6
-2.7682092, 0.42471966, 6, 6
-2.7667055, 0.42471966, 6, 6
-2.7667055, 0.42471966, 6, 6
-2.7667055, 0.42471966, 6, 6
-2.7667055, 0.42471966, 6, 6
-2.7667055, 0.42471966, 6, 6
-2.7667055, 0.42471966, 6, 6
-2.7652037, 0.4231376, 6, 6
-2.7652037, 0.4231376, 6, 6
-2.7652037, 0.42243144, 6, 6
-2.7652037, 0.42243144, 6, 6
-2.7652037, 0.41944742, 6, 6
-2.7667055, 0.417867, 6, 6
-2.7667055, 0.41559115, 6, 6
-2.7667055, 0.41400862, 6, 6
-2.7667055, 0.41331917, 6, 6
-2.7667055, 0.41331917, 6, 6
-2.7697144, 0.41331917, 6, 6
-2.7682092, 0.41331917, 6, 6
-2.7697144, 0.41331917, 6, 6
-2.7697144, 0.41105124, 6, 6
-2.7697144, 0.40946856, 6, 6
-2.7697144, 0.4072045, 6, 6
-2.7727296, 0.4072045, 6, 6
-2.7727296, 0.4072045, 6, 6
-2.7727296, 0.4072045, 6, 6
-2.7727296, 0.4072045, 6, 6
-2.7748168, 0.4072045, 6, 6
-2.7763264, 0.40561947, 6, 6
-2.7768998, 0.40561947, 6, 6
-2.7768998, 0.40561947, 6, 6
-2.7768998, 0.40561947, 6, 6
-2.7780411, 0.40561947, 6, 6
-2.7774713, 0.40561947, 6, 6
-2.7774713, 0.40561947, 6, 6
-2.7774713, 0.40561947, 6, 6
-2.7774713, 0.40403256, 6, 6
-2.7774713, 0.40403256, 6, 6
-2.7789788, 0.40403256, 6, 6
-2.7789788, 0.40403256, 6, 6
-2.7789788, 0.40403256, 6, 6
-2.7819986, 0.40085256, 6, 6
-2.785025, 0.40085256, 6, 6
-2.7941415, 0.40085256, 6, 6
-2.8238804, 0.40085256, 6, 6
-2.8930063, 0.39925948, 6, 6
-3.0058126, 0.39606705, 6, 6
-3.1334066, 0.39286652, 6, 6
3.034756, 0.3809589, 6, 6
2.906622, 0.35248077, 6, 6
2.825747, 0.3034927, 6, 6
2.776952, 0.22727692, 6, 6
2.7547715, 0.16003408, 6, 6
2.737837, 0.061167575, 6, 6
2.725841, -0.051720284, 6, 6
2.7160373, -0.15894423, 6, 6
2.7067928, -0.25196332, 6, 6
2.7052605, -0.32181415, 6, 6
2.7052605, -0.42810473, 6, 6
2.7052605, -0.42810473, 6, 6
2.7052605, -0.43633232, 6, 6
2.7052605, -0.43633232, 6, 6
2.7052605, -0.43633232, 6, 6
2.7052605, -0.43633232, 6, 6
2.7052605, -0.43633232, 6, 6
2.7052605, -0.43633232, 6, 6
2.7052605, -0.43633232, 6, 6
2.7052605, -0.43633232, 6, 6
2.7052605, -0.43633232, 6, 6
2.7052605, -0.43633232, 6, 6
2.7052605, -0.43633232, 6, 6
2.7052605, -0.43633232, 6, 6
2.7052605, -0.43633232, 6, 6
2.7052605, -0.43633232, 6, 6
2.7052605, -0.43633232, 6, 6
2.7052605, -0.43633232, 6, 6
2.7052605, -0.43633232, 6, 6
2.7052605, -0.43633232, 6, 6
2.7052605, -0.43633232, 6, 6
2.7052605, -0.43633232, 6, 6
2.7052605, -0.43633232, 6, 6
2.7052605, -0.43633232, 6, 6
2.7052605, -0.43633232, 6, 6
2.7052605, -0.43633232, 6, 6
2.7052605, -0.43633232, 6, 6
2.7052605, -0.43633232, 6, 6
2.7052605, -0.43633232, 6, 6
2.7052605, -0.43633232, 6, 6
2.7052605, -0.43633232, 6, 6
2.7052605, -0.43633232, 6, 6
2.7052605, -0.43633232, 6, 6
2.7052605, -0.43633232, 6, 6
2.7052605, -0.43633232, 6, 6
2.7052605, -0.43633232, 6, 6
2.7052605, -0.43633232, 6, 6
2.7052605, -0.43633232, 6, 6
2.7052605, -0.43633232, 6, 6
2.7052605, -0.43633232, 6, 6
2.7052605, -0.43633232, 6, 6
2.7052605, -0.43633232, 6, 6
2.7052605, -0.43633232, 6, 6
2.7052605, -0.43633232, 6, 6
2.7052605, -0.43633232, 6, 6
2.7052605, -0.43633232, 6, 6
2.7052605, -0.43633232, 6, 6
2.7052605, -0.43633232, 6, 6
2.7052605, -0.43633232, 6, 6
2.7052605, -0.43633232, 6, 6
2.7052605, -0.43633232, 6, 6
2.7052605, -0.43633232, 6, 6
2.7052605, -0.43633232, 6, 6
2.7052605, -0.43633232, 6, 6
2.7052605, -0.43633232, 6, 6
2.7052605, -0.43633232, 6, 6
2.7052605, -0.43633232, 6, 6
2.7052605, -0.43633232, 6, 6
2.7052605, -0.43633232, 6, 6
2.7052605, -0.43633232, 6, 6
2.7052605, -0.43633232, 6, 6
2.7052605, -0.43633232, 6, 6
2.7052605, -0.43633232, 6, 6
2.7052605, -0.43633232, 6, 6
2.7052605, -0.43633232, 6, 6
2.7052605, -0.43633232, 6, 6
2.7052605, -0.43633232, 6, 6
2.7052605, -0.43633232, 6, 6
2.7052605, -0.43633232, 6, 6
2.7052605, -0.43633232, 6, 6
2.7052605, -0.43633232, 6, 6
2.7052605, -0.43633232, 6, 6
2.7052605, -0.43633232, 6, 6
2.7052605, -0.43633232, 6, 6
2.7052605, -0.43633232, 6, 6
2.7052605, -0.43633232, 6, 6
2.7052605, -0.43633232, 6, 6
2.7052605, -0.43633232, 6, 6
2.7052605, -0.43633232, 6, 6
2.7052605, -0.43633232, 6, 6
2.7052605, -0.43633232, 6, 6
2.7052605, -0.43633232, 6, 6
2.7052605, -0.43633232, 6, 6
2.7052605, -0.43633232, 6, 6
2.7052605, -0.43633232, 6, 6
2.7052605, -0.4289971, 6, 6
2.7052605, -0.31772524, 6, 6
2.7052605, -0.1969491, 6, 6
2.7052605, -0.12050972, 6, 6
2.7052605, -0.068529926, 6, 6
2.7052605, -0.036646914, 6, 6
2.7052605, -0.016129548, 6, 6
2.7052605, -0.0073320144, 6, 6
2.7052605, -0.0014664723, 6, 6
2.7052605, 0.0, 6, 6
2.7052605, 0.0014664723, 6, 6
2.7052605, 0.0014664723, 6, 6
2.7052605, 0.0014664723, 6, 6
2.7052605, -0.0014621837, 6, 6
2.7052605, -0.066132195, 6, 6
2.7052605, -0.09614455, 6, 6
2.7052605, -0.09614455, 6, 6
2.7052605, -0.123007625, 6, 6
2.7052605, -0.1512898, 6, 6
2.7052605, -0.15847248, 6, 6
2.7052605, -0.16204469, 6, 6
2.7052605, -0.16455796, 6, 6
2.7052605, -0.16581383, 6, 6
2.7052605, -0.16706927, 6, 6
2.7052605, -0.16957892, 6, 6
2.7052605, -0.16957892, 6, 6
2.7052605, -0.16832435, 6, 6
2.7052605, -0.16581383, 6, 6
2.7052605, -0.16183972, 6, 6
2.7052605, -0.15807131, 6, 6
2.7052605, -0.15071382, 6, 6
2.7052605, -0.14187773, 6, 6
2.7052605, -0.13319214, 6, 6
2.7052605, -0.12557827, 6, 6
2.7052605, -0.12049534, 6, 6
2.7052605, -0.11286106, 6, 6
2.7052605, -0.10903971, 6, 6
2.7052605, -0.10903971, 6, 6
2.7052605, -0.10903971, 6, 6
2.7052605, -0.1064906, 6, 6
2.7052605, -0.10676368, 6, 6
2.7052605, -0.10575665, 6, 6
2.7052605, -0.1031929, 6, 6
2.7052605, -0.103325784, 6, 6
2.7052605, -0.103325784, 6, 6
2.7052605, -0.10460943, 6, 6
2.7052605, -0.10460943, 6, 6
2.7052605, -0.105892785, 6, 6
2.7052605, -0.105892785, 6, 6
2.7052605, -0.105892785, 6, 6
2.7052605, -0.105892785, 6, 6
2.772035, -0.10602928, 6, 6
2.8451018, -0.10602928, 6, 6
2.8451018, -0.10602928, 6, 6
2.8988173, -0.104744285, 6, 6
2.9350035, -0.104744285, 6, 6
2.978411, -0.104340725, 6, 6
2.992858, -0.102533564, 6, 6
3.0056877, -0.102142, 6, 6
3.0182157, -0.10188257, 6, 6
3.0275164, -0.10162449, 6, 6
3.03709, -0.10288726, 6, 6
3.0433207, -0.10414975, 6, 6
3.049384, -0.10414975, 6, 6
3.053826, -0.10414975, 6, 6
3.058271, -0.10414975, 6, 6
3.0612357, -0.10414975, 6, 6
3.0642018, -0.10414975, 6, 6
3.067169, -0.10414975, 6, 6
3.070137, -0.10414975, 6, 6
3.0731065, -0.10414975, 6, 6
3.076174, -0.10414975, 6, 6
3.076174, -0.10414975, 6, 6
3.0776575, -0.10414975, 6, 6
3.0791411, -0.10414975, 6, 6
3.0806248, -0.10288726, 6, 6
3.0821087, -0.10288726, 6, 6
3.0835931, -0.10288726, 6, 6
3.0850775, -0.10288726, 6, 6
3.0850775, -0.10288726, 6, 6
3.0865624, -0.10288726, 6, 6
3.0910175, -0.103017755, 6, 6
3.0910175, -0.103017755, 6, 6
3.092503, -0.10314852, 6, 6
3.0939887, -0.10314852, 6, 6
3.0954745, -0.10314852, 6, 6
3.0984466, -0.10314852, 6, 6
3.099933, -0.10327966, 6, 6
3.099933, -0.10327966, 6, 6
3.102906, -0.10327966, 6, 6
3.1058798, -0.10327966, 6, 6
3.1088538, -0.10341112, 6, 6
3.110341, -0.10341112, 6, 6
3.110341, -0.10341112, 6, 6
3.1133163, -0.10341112, 6, 6
3.1133163, -0.10341112, 6, 6
3.1162915, -0.10341112, 6, 6
3.1162915, -0.10341112, 6, 6
3.1162915, -0.10341112, 6, 6
3.1177793, -0.10341112, 6, 6
3.1177793, -0.10341112, 6, 6
3.1192672, -0.10354292, 6, 6
3.1236782, -0.10354292, 6, 6
3.1266413, -0.10354292, 6, 6
3.1266413, -0.10354292, 6, 6
3.1296132, -0.10354292, 6, 6
3.132608, -0.10354292, 6, 6
3.1341054, -0.10354292, 6, 6
3.1341054, -0.10354292, 6, 6
3.1340942, -0.10354292, 6, 6
3.1340942, -0.10354292, 6, 6
3.1355758, -0.10354292, 6, 6
3.1355758, -0.10354292, 6, 6
3.1355667, -0.10481334, 6, 6
3.1370733, -0.10481334, 6, 6
3.138575, -0.10508114, 6, 6
3.1400838, -0.10508114, 6, 6
-3.1400793, -0.10521557, 6, 6
-3.1400793, -0.10535029, 6, 6
-3.1370459, -0.10535029, 6, 6
-3.135521, -0.10548542, 6, 6
-3.1340032, -0.10690071, 6, 6
-3.13398, -0.107038155, 6, 6
-3.13398, -0.107038155, 6, 6
-3.1309352, -0.10717592, 6, 6
-3.129338, -0.10901995, 6, 6
-3.1293192, -0.1093027, 6, 6
-3.1277428, -0.109586924, 6, 6
-3.124613, -0.110159814, 6, 6
-3.1214645, -0.11073871, 6, 6
-3.1214645, -0.11073871, 6, 6
-3.1198153, -0.11132372, 6, 6
-3.1166277, -0.11206368, 6, 6
-3.1134646, -0.11296473, 6, 6
-3.1102428, -0.11133828, 6, 6
-3.1070557, -0.11104164, 6, 6
-3.1037998, -0.1105867, 6, 6
-3.1004589, -0.10873936, 6, 6
-3.0969453, -0.11089425, 6, 6
-3.0918508, -0.111518204, 6, 6
-3.0883048, -0.11199084, 6, 6
-3.0847137, -0.11371951, 6, 6
-3.0812743, -0.11404254, 6, 6
-3.0795465, -0.11404254, 6, 6
-3.0761817, -0.11404254, 6, 6
-3.0759673, -0.11404254, 6, 6
-3.0742204, -0.11404254, 6, 6
-3.0742204, -0.11404254, 6, 6
-3.0739987, -0.11404254, 6, 6
-3.0739987, -0.11404254, 6, 6
-3.0737753, -0.11404254, 6, 6
-3.073663, -0.11404254, 6, 6
-3.073663, -0.11404254, 6, 6
-3.073663, -0.115457416, 6, 6
-3.0753157, -0.115457416, 6, 6
-3.078622, -0.115457416, 6, 6
-3.080174, -0.115457416, 6, 6
-3.080174, -0.115457416, 6, 6
-3.080174, -0.115457416, 6, 6
-3.080174, -0.115457416, 6, 6
-3.0818305, -0.115457416, 6, 6
-3.0833907, -0.115293704, 6, 6
-3.0833907, -0.115293704, 6, 6
-3.083294, -0.115293704, 6, 6
-3.0849566, -0.115293704, 6, 6
-3.0849566, -0.115293704, 6, 6
-3.0866196, -0.115293704, 6, 6
-3.0866196, -0.115293704, 6, 6
-3.0866196, -0.115293704, 6, 6
-3.0866196, -0.115293704, 6, 6
-3.088194, -0.115293704, 6, 6
-3.088194, -0.115293704, 6, 6
-3.08986, -0.11246743, 6, 6
-3.08986, -0.11246743, 6, 6
-3.08986, -0.11246743, 6, 6
-3.0915263, -0.11246743, 6, 6
-3.093193, -0.11246743, 6, 6
-3.093193, -0.11246743, 6, 6
-3.0931122, -0.11246743, 6, 6
-3.0931122, -0.11246743, 6, 6
-3.0931122, -0.11246743, 6, 6
-3.0931122, -0.11246743, 6, 6
-3.0964518, -0.11246743, 6, 6
-3.099792, -0.11246743, 6, 6
-3.1031332, -0.11246743, 6, 6
-3.1031332, -0.11246743, 6, 6
-3.106475, -0.11246743, 6, 6
-3.1098177, -0.11246743, 6, 6
-3.1148326, -0.11246743, 6, 6
-3.1181374, -0.11246743, 6, 6
-3.1248095, -0.11246743, 6, 6
-3.13823, -0.11388079, 6, 6
3.1213858, -0.11388079, 6, 6
3.1213858, -0.11388079, 6, 6
3.0604947, -0.11388079, 6, 6
2.9684312, -0.11371951, 6, 6
2.8749168, -0.11371951, 6, 6
2.8208082, -0.11371951, 6, 6
2.781442, -0.11496762, 6, 6
2.7598274, -0.11496762, 6, 6
2.7458663, -0.11496762, 6, 6
2.734275, -0.11496762, 6, 6
2.7269564, -0.11496762, 6, 6
2.7211308, -0.11496762, 6, 6
2.7123017, -0.11214921, 6, 6
2.708635, -0.11214921, 6, 6
2.708635, -0.11214921, 6, 6
2.708635, -0.11214921, 6, 6
2.7071445, -0.11214921, 6, 6
2.7071445, -0.11214921, 6, 6
2.7071445, -0.11214921, 6, 6
2.7071445, -0.11214921, 6, 6
2.7071445, -0.11214921, 6, 6
2.7071445, -0.11214921, 6, 6
2.706458, -0.11214921, 6, 6
2.706458, -0.11214921, 6, 6
2.706458, -0.11355864, 6, 6
2.706458, -0.11355864, 6, 6
2.706458, -0.11355864, 6, 6
2.706458, -0.11355864, 6, 6
2.706458, -0.11355864, 6, 6
2.706458, -0.11355864, 6, 6
2.706458, -0.11355864, 6, 6
2.706458, -0.11355864, 6, 6
2.706458, -0.11355864, 6, 6
2.706458, -0.11214921, 6, 6
2.706458, -0.11073948, 6, 6
2.706458, -0.11073948, 6, 6
2.706458, -0.1093293, 6, 6
2.706458, -0.1093293, 6, 6
2.7079504, -0.1093293, 6, 6
2.7079504, -0.1093293, 6, 6
2.7094448, -0.1093293, 6, 6
2.7094448, -0.11073948, 6, 6
2.7094448, -0.11214921, 6, 6
2.7094448, -0.11214921, 6, 6
2.7094448, -0.11214921, 6, 6
2.7094448, -0.11214921, 6, 6
2.7094448, -0.11214921, 6, 6
2.7094448, -0.11355864, 6, 6
2.7094448, -0.11496762, 6, 6
2.7094448, -0.11496762, 6, 6
2.7094448, -0.11496762, 6, 6
2.710941, -0.11496762, 6, 6
2.7124395, -0.11496762, 6, 6
2.7124395, -0.1163762, 6, 6
2.7124395, -0.1163762, 6, 6
2.7124395, -0.1163762, 6, 6
2.7124395, -0.1163762, 6, 6
2.7124395, -0.1163762, 6, 6
2.7154422, -0.119192325, 6, 6
2.7154422, -0.119192325, 6, 6
2.7154422, -0.11778445, 6, 6
2.7154422, -0.11778445, 6, 6
2.7169466, -0.11778445, 6, 6
2.7169466, -0.11778445, 6, 6
2.7169466, -0.11778445, 6, 6
2.7169466, -0.1163762, 6, 6
2.7169466, -0.1163762, 6, 6
2.7169466, -0.1163762, 6, 6
2.7169466, -0.11355864, 6, 6
2.7169466, -0.11496762, 6, 6
2.7169466, -0.11496762, 6, 6
2.7169466, -0.11496762, 6, 6
2.7169466, -0.11496762, 6, 6
2.7169466, -0.11214921, 6, 6
2.7169466, -0.11355864, 6, 6
2.7169466, -0.11355864, 6, 6
2.7169466, -0.11355864, 6, 6
2.7169466, -0.11355864, 6, 6
2.7169466, -0.11355864, 6, 6
2.7169466, -0.11355864, 6, 6
2.7169466, -0.11355864, 6, 6
2.718453, -0.11355864, 6, 6
2.718453, -0.11355864, 6, 6
2.7191253, -0.11355864, 6, 6
2.7191253, -0.11355864, 6, 6
2.7191253, -0.11073948, 6, 6
2.7191253, -0.11073948, 6, 6
2.7191253, -0.11073948, 6, 6
2.7191253, -0.11073948, 6, 6
2.7191253, -0.11073948, 6, 6
2.7191253, -0.11073948, 6, 6
2.7191253, -0.11073948, 6, 6
2.7191253, -0.11214921, 6, 6
2.7191253, -0.11214921, 6, 6
2.7191253, -0.11355864, 6, 6
2.7191253, -0.11355864, 6, 6
2.7191253, -0.11355864, 6, 6
2.7191253, -0.11355864, 6, 6
2.7191253, -0.11355864, 6, 6
2.7191253, -0.11496762, 6, 6
2.7191253, -0.11355864, 6, 6
2.7191253, -0.11355864, 6, 6
2.7191253, -0.11355864, 6, 6
2.7191253, -0.11355864, 6, 6
2.7191253, -0.11355864, 6, 6
2.7191253, -0.11355864, 6, 6
2.7191253, -0.11355864, 6, 6
2.7191253, -0.11355864, 6, 6
2.7191253, -0.11496762, 6, 6
2.7191253, -0.11496762, 6, 6
2.7191253, -0.11496762, 6, 6
2.7191253, -0.11355864, 6, 6
2.7191253, -0.11073948, 6, 6
2.7191253, -0.11073948, 6, 6
2.7191253, -0.11214921, 6, 6
2.7191253, -0.11355864, 6, 6
2.7191253, -0.1093293, 6, 6
2.7191253, -0.1093293, 6, 6
2.7191253, -0.11073948, 6, 6
2.7191253, -0.11073948, 6, 6
2.7191253, -0.11073948, 6, 6
2.7191253, -0.11073948, 6, 6
2.7191253, -0.11073948, 6, 6
2.7191253, -0.11214921, 6, 6
2.7191253, -0.11214921, 6, 6
2.7191253, -0.11214921, 6, 6
2.7191253, -0.11214921, 6, 6
2.7191253, -0.11355864, 6, 6
2.7191253, -0.11355864, 6, 6
2.7191253, -0.11355864, 6, 6
2.7191253, -0.11496762, 6, 6
2.7191253, -0.11496762, 6, 6
2.7191253, -0.11355864, 6, 6
2.7191253, -0.11214921, 6, 6
2.7191253, -0.11214921, 6, 6
2.7206318, -0.11214921, 6, 6
2.7206318, -0.11214921, 6, 6
2.7206318, -0.11073948, 6, 6
2.7206318, -0.11073948, 6, 6
2.7206318, -0.11214921, 6, 6
2.7206318, -0.11355864, 6, 6
2.7206318, -0.11355864, 6, 6
2.7206318, -0.11355864, 6, 6
2.7206318, -0.11355864, 6, 6
2.7206318, -0.11214921, 6, 6
2.7206318, -0.11214921, 6, 6
2.7206318, -0.11214921, 6, 6
2.7206318, -0.11214921, 6, 6
2.7206318, -0.11214921, 6, 6
2.7206318, -0.11214921, 6, 6
2.7206318, -0.11214921, 6, 6
2.7206318, -0.11214921, 6, 6
2.7206318, -0.11214921, 6, 6
2.7206318, -0.11355864, 6, 6
2.7206318, -0.11355864, 6, 6
2.7206318, -0.11355864, 6, 6
2.7206318, -0.11355864, 6, 6
2.7206318, -0.11214921, 6, 6
2.7206318, -0.11214921, 6, 6
2.7206318, -0.11214921, 6, 6
2.7206318, -0.11214921, 6, 6
2.7206318, -0.11214921, 6, 6
2.7206318, -0.11355864, 6, 6
2.7206318, -0.11355864, 6, 6
2.7221406, -0.11355864, 6, 6
2.7221406, -0.11355864, 6, 6
2.7221406, -0.11388079, 6, 6
2.7221406, -0.1113698, 6, 6
2.724316, -0.103445224, 6, 6
2.724316, -0.103445224, 6, 6
2.7308204, -0.058073413, 6, 6
2.7524836, 0.0077048587, 6, 6
2.8458102, 0.07643829, 6, 6
2.9663873, 0.13766341, 6, 6
2.9663873, 0.13766341, 6, 6
-3.120969, 0.24409233, 6, 6
-3.120969, 0.24409233, 6, 6
-3.0493138, 0.28098923, 6, 6
-3.0040529, 0.31047317, 6, 6
-2.974491, 0.33667722, 6, 6
-2.9483392, 0.3537227, 6, 6
-2.9257598, 0.36911917, 6, 6
-2.8998318, 0.37976357, 6, 6
-2.8998318, 0.37976357, 6, 6
-2.8885767, 0.3828928, 6, 6
-2.8691554, 0.38351902, 6, 6
-2.8691554, 0.38351902, 6, 6
-2.8474681, 0.38571295, 6, 6
-2.8227715, 0.38634503, 6, 6
-2.795692, 0.38697907, 6, 6
-2.7746284, 0.3876151, 6, 6
-2.7632349, 0.3876151, 6, 6
-2.7523117, 0.3876151, 6, 6
-2.7451801, 0.38825306, 6, 6
-2.7395039, 0.3888931, 6, 6
-2.7338536, 0.3888931, 6, 6
-2.729633, 0.3888931, 6, 6
-2.7260406, 0.3888931, 6, 6
-2.7204626, 0.3888931, 6, 6
-2.7149117, 0.3888931, 6, 6
-2.709505, 0.3888931, 6, 6
-2.7053661, 0.3888931, 6, 6
-2.7052605, 0.3888931, 6, 6
-2.7052605, 0.38731694, 6, 6
-2.7052605, 0.38731694, 6, 6
-2.7052605, 0.38731694, 6, 6
-2.7052605, 0.38731694, 6, 6
-2.7052605, 0.38731694, 6, 6
-2.7052605, 0.38731694, 6, 6
-2.7052605, 0.38573867, 6, 6
-2.7052605, 0.38573867, 6, 6
-2.7052605, 0.38573867, 6, 6
-2.7052605, 0.38573867, 6, 6
-2.7052605, 0.38573867, 6, 6
-2.7052605, 0.38415867, 6, 6
-2.7052605, 0.38415867, 6, 6
-2.7052605, 0.38415867, 6, 6
-2.7052605, 0.38415867, 6, 6
-2.7052605, 0.38415867, 6, 6
-2.7052605, 0.38415867, 6, 6
-2.7052605, 0.38257676, 6, 6
-2.7052605, 0.38257676, 6, 6
-2.7052605, 0.38099298, 6, 6
-2.7052605, 0.38099298, 6, 6
-2.7052605, 0.37940732, 6, 6
-2.7052605, 0.37940732, 6, 6
-2.7052605, 0.37781957, 6, 6
-2.7052605, 0.37781957, 6, 6
-2.7052605, 0.37623012, 6, 6
-2.7052605, 0.37623012, 6, 6
-2.7052605, 0.37623012, 6, 6
-2.7052605, 0.37623012, 6, 6
-2.7052605, 0.37623012, 6, 6
-2.7052605, 0.37623012, 6, 6
-2.7052605, 0.37623012, 6, 6
-2.7052605, 0.37304565, 6, 6
-2.7052605, 0.37304565, 6, 6
-2.7052605, 0.3714506, 6, 6
-2.7052605, 0.3650516, 6, 6
-2.7052605, 0.3650516, 6, 6
-2.7052605, 0.32385677, 6, 6
-2.7052605, 0.23360503, 6, 6
-2.7052605, 0.00689723, 6, 6
-2.7052605, -0.11750526, 6, 6
-2.7052605, -0.21705136, 6, 6
-2.7052605, -0.21705136, 6, 6
-2.7052605, -0.2981072, 6, 6
-2.7052605, -0.3490549, 6, 6
-2.7052605, -0.39075541, 6, 6
-2.7052605, -0.43633232, 6, 6
-2.7052605, -0.43633232, 6, 6
-2.7052605, -0.43633232, 6, 6
-2.7052605, -0.43633232, 6, 6
-2.7052605, -0.43633232, 6, 6
-2.7052605, -0.43633232, 6, 6
-2.7052605, -0.43633232, 6, 6
-2.7052605, -0.43633232, 6, 6
-2.7052605, -0.43633232, 6, 6
-2.7052605, -0.43633232, 6, 6
-2.7052605, -0.43633232, 6, 6
-2.7052605, -0.43633232, 6, 6
-2.7052605, -0.43633232, 6, 6
-2.7052605, -0.43633232, 6, 6
-2.7052605, -0.43633232, 6, 6
-2.7052605, -0.43633232, 6, 6
-2.7052605, -0.43633232, 6, 6
-2.7052605, -0.43633232, 6, 6
-2.7052605, -0.43633232, 6, 6
-2.7052605, -0.43633232, 6, 6
-2.7052605, -0.43633232, 6, 6
-2.7052605, -0.43633232, 6, 6
-2.7052605, -0.43633232, 6, 6
-2.7052605, -0.43633232, 6, 6
-2.7052605, -0.43633232, 6, 6
-2.7052605, -0.43633232, 6, 6
-2.7052605, -0.43633232, 6, 6
-2.7052605, -0.43633232, 6, 6
-2.7052605, -0.43633232, 6, 6
-2.7052605, -0.43633232, 6, 6
-2.7052605, -0.43633232, 6, 6
-2.7052605, -0.43633232, 6, 6
-2.7052605, -0.43633232, 6, 6
-2.7052605, -0.43633232, 6, 6
-2.7052605, -0.43633232, 6, 6
-2.7052605, -0.43633232, 6, 6
-2.7052605, -0.43633232, 6, 6
-2.7052605, -0.43633232, 6, 6
-2.7052605, -0.43633232, 6, 6
-2.7052605, -0.43633232, 6, 6
-2.7052605, -0.43633232, 6, 6
-2.7052605, -0.43633232, 6, 6
-2.7052605, -0.43633232, 6, 6
-2.7052605, -0.43633232, 6, 6
-2.7052605, -0.43633232, 6, 6
-2.7052605, -0.43633232, 6, 6
-2.7052605, -0.43633232, 6, 6
-2.7052605, -0.43633232, 6, 6
-2.7052605, -0.43633232, 6, 6
-2.7052605, -0.43633232, 6, 6
-2.7052605, -0.43633232, 6, 6
-2.7052605, -0.43633232, 6, 6
-2.7052605, -0.43633232, 6, 6
-2.7052605, -0.43633232, 6, 6
-2.712294, -0.43633232, 6, 6
-2.7308588, -0.43633232, 6, 6
-2.7690585, -0.43633232, 6, 6
-2.7690585, -0.43633232, 6, 6
-2.8139503, -0.43633232, 6, 6
-2.85471, -0.43633232, 6, 6
-2.8962173, -0.43633232, 6, 6
-2.9481277, -0.43633232, 6, 6
-3.0014496, -0.43633232, 6, 6
-3.0533645, -0.43633232, 6, 6
-3.1071086, -0.43633232, 6, 6
3.1278663, -0.43633232, 6, 6
3.0752108, -0.43633232, 6, 6
3.0200214, -0.43633232, 6, 6
2.9701462, -0.43633232, 6, 6
2.9189384, -0.43633232, 6, 6
2.8722022, -0.43633232, 6, 6
2.8207335, -0.43633232, 6, 6
2.769678, -0.43633232, 6, 6
2.7308116, -0.43633232, 6, 6
2.7052605, -0.43633232, 6, 6
2.7052605, -0.43633232, 6, 6
2.7052605, -0.43633232, 6, 6
2.7052605, -0.43633232, 6, 6
2.7052605, -0.43633232, 6, 6
2.7052605, -0.43633232, 6, 6
2.7052605, -0.43633232, 6, 6
2.7052605, -0.43633232, 6, 6
2.7052605, -0.43633232, 6, 6
2.7052605, -0.43633232, 6, 6
2.7052605, -0.43633232, 6, 6
2.7052605, -0.43633232, 6, 6
2.7052605, -0.43633232, 6, 6
2.7052605, -0.43633232, 6, 6
2.7052605, -0.43633232, 6, 6
2.7052605, -0.43633232, 6, 6
2.7052605, -0.43633232, 6, 6
2.7052605, -0.43633232, 6, 6
2.7052605, -0.43633232, 6, 6
2.7052605, -0.43633232, 6, 6
2.7052605, -0.43633232, 6, 6
2.7052605, -0.43633232, 6, 6
2.7052605, -0.43633232, 6, 6
2.7052605, -0.43633232, 6, 6
2.7052605, -0.43633232, 6, 6
2.7052605, -0.43633232, 6, 6
2.7052605, -0.43633232, 6, 6
2.7052605, -0.43633232, 6, 6
2.7052605, -0.43633232, 6, 6
2.7052605, -0.43633232, 6, 6
2.7052605, -0.43633232, 6, 6
2.7052605, -0.43633232, 6, 6
2.7052605, -0.43633232, 6, 6
2.7052605, -0.43633232, 6, 6
2.7052605, -0.43633232, 6, 6
2.7052605, -0.43633232, 6, 6
2.7052605, -0.43633232, 6, 6
2.7052605, -0.43633232, 6, 6
2.7052605, -0.43633232, 6, 6
2.7052605, -0.43633232, 6, 6
2.7052605, -0.43633232, 6, 6
2.7052605, -0.43633232, 6, 6
2.7052605, -0.43633232, 6, 6
2.7052605, -0.43633232, 6, 6
2.7052605, -0.43633232, 6, 6
2.7052605, -0.43633232, 6, 6
2.7052605, -0.43633232, 6, 6
2.7052605, -0.43633232, 6, 6
2.7052605, -0.43633232, 6, 6
2.7052605, -0.43633232, 6, 6
2.7052605, -0.43633232, 6, 6
2.7052605, -0.43633232, 6, 6
2.7052605, -0.43633232, 6, 6
2.7052605, -0.43633232, 6, 6
2.7052605, -0.43633232, 6, 6
2.7052605, -0.43633232, 6, 6
2.7052605, -0.43633232, 6, 6
2.7052605, -0.43633232, 6, 6
2.7052605, -0.43633232, 6, 6
2.7052605, -0.43633232, 6, 6
2.7052605, -0.43633232, 6, 6
2.7052605, -0.43633232, 6, 6
2.7052605, -0.43633232, 6, 6
2.7052605, -0.43633232, 6, 6
2.7052605, -0.43633232, 6, 6
2.7052605, -0.43633232, 6, 6
2.7052605, -0.43633232, 6, 6
2.7052605, -0.43633232, 6, 6
2.7052605, -0.43633232, 6, 6
2.7052605, -0.43633232, 6, 6
2.7052605, -0.43633232, 6, 6
2.7052605, -0.43633232, 6, 6
2.7052605, -0.43633232, 6, 6
2.7052605, -0.43633232, 6, 6
2.7052605, -0.43633232, 6, 6
2.7052605, -0.43633232, 6, 6
2.7052605, -0.43633232, 6, 6
2.7052605, -0.43633232, 6, 6
2.7052605, -0.43633232, 6, 6
2.7052605, -0.43633232, 6, 6
2.7052605, -0.43633232, 6, 6
2.7052605, -0.43633232, 6, 6
2.7052605, -0.43633232, 6, 6
2.7052605, -0.43633232, 5, 6
2.7052605, -0.43633232, 5, 6
2.7052605, -0.43633232, 5, 6
2.7052605, -0.43633232, 5, 6
2.7052605, -0.43633232, 5, 6
2.7052605, -0.43633232, 5, 6
2.7052605, -0.43633232, 5, 6
2.7052605, -0.43633232, 5, 6
2.7052605, -0.43633232, 5, 6
2.7052605, -0.43633232, 5, 6
2.7052605, -0.43633232, 5, 6
2.7052605, -0.43633232, 5, 6
2.7052605, -0.43633232, 5, 6
2.7052605, -0.43633232, 5, 6
2.7052605, -0.43633232, 5, 6
2.7052605, -0.43633232, 5, 6
2.7052605, -0.43633232, 5, 6
2.7052605, -0.43633232, 5, 6
2.7052605, -0.43633232, 5, 6
2.7052605, -0.43633232, 5, 6
2.7052605, -0.43633232, 5, 6
2.7052605, -0.43633232, 5, 6
2.7052605, -0.43633232, 5, 6
2.7052605, -0.43633232, 5, 6
2.7052605, -0.42744163, 5, 6
2.7052605, -0.36653638, 5, 6
2.7052605, -0.34037873, 5, 6
2.7052605, -0.31318805, 5, 6
2.7052605, -0.291734, 5, 6
2.7052605, -0.2702974, 5, 6
2.7052605, -0.2418348, 5, 6
2.7052605, -0.20533319, 5, 6
2.7052605, -0.18088521, 5, 6
2.7052605, -0.16014203, 5, 6
2.7052605, -0.13343076, 5, 6
2.7052605, -0.109849684, 5, 6
2.7052605, -0.087767914, 5, 6
2.7052605, -0.06050134, 5, 6
2.7052605, -0.03617519, 5, 6
2.7052605, -0.016502375, 5, 6
2.7052605, 0.0016613754, 5, 6
2.7052605, 0.011667593, 5, 6
2.7052605, 0.018425817, 5, 6
2.7052605, 0.021848451, 5, 6
2.7052605, 0.025208643, 5, 6
2.7052605, 0.028568262, 5, 6
2.7052605, 0.033606846, 5, 6
2.7052605, 0.033606846, 5, 6
2.7052605, 0.040254906, 5, 6
2.7052605, 0.043606155, 5, 6
2.7052605, 0.043606155, 5, 6
2.7052605, 0.043606155, 5, 6
2.7052605, 0.04528138, 5, 6
2.7052605, 0.048549823, 5, 6
2.7052605, 0.054868683, 5, 6
2.7052605, 0.08331689, 5, 6
2.7052605, 0.09585441, 5, 6
2.7052605, 0.10215063, 5, 6
2.7052605, 0.10715757, 5, 6
2.7052605, 0.10894673, 5, 6
2.7052605, 0.113790184, 5, 6
2.7052605, 0.113790184, 5, 6
2.7052605, 0.11559085, 5, 6
2.7052605, 0.11559085, 5, 6
2.7052605, 0.11559085, 5, 6
2.7052605, 0.117206365, 5, 6
2.7052605, 0.11739676, 5, 6
2.7052605, 0.11739676, 5, 6
2.7052605, 0.11634565, 5, 6
2.7052605, 0.11653589, 5, 6
2.7052605, 0.11653589, 5, 6
2.7052605, 0.11653589, 5, 6
2.7052605, 0.11653589, 5, 6
2.7052605, 0.11490676, 5, 6
2.7052605, 0.11490676, 5, 6
2.7052605, 0.11490676, 5, 6
2.7052605, 0.11490676, 5, 6
2.7052605, 0.11490676, 5, 6
2.7052605, 0.11490676, 5, 6
2.7052605, 0.1132771, 5, 6
2.7052605, 0.113462694, 5, 6
2.7052605, 0.113462694, 5, 6
2.7052605, 0.113462694, 5, 6
2.7052605, 0.113462694, 5, 6
2.7052605, 0.113462694, 5, 6
2.7052605, 0.113462694, 5, 6
2.7052605, 0.11201354, 5, 6
2.7069623, 0.113835745, 5, 6
2.7192228, 0.115473315, 5, 6
2.7376606, 0.11585409, 5, 6
2.7376606, 0.11585409, 5, 6
2.7422433, 0.11585409, 5, 6
2.746218, 0.11585409, 5, 6
2.7501795, 0.11585409, 5, 6
2.7563694, 0.11585409, 5, 6
2.76031, 0.11585409, 5, 6
2.7647898, 0.11585409, 5, 6
2.7701015, 0.116045415, 5, 6
2.7759354, 0.116045415, 5, 6
2.7759354, 0.116045415, 5, 6
2.778748, 0.116045415, 5, 6
2.7815661, 0.116045415, 5, 6
2.7843897, 0.116045415, 5, 6
2.7866974, 0.116045415, 5, 6
2.7875948, 0.116045415, 5, 6
2.7904391, 0.116045415, 5, 6
2.7918634, 0.116045415, 5, 6
2.790827, 0.116045415, 5, 6
2.7917376, 0.116045415, 5, 6
2.7901728, 0.116045415, 5, 6
2.787003, 0.116045415, 5, 6
2.7859342, 0.116045415, 5, 6
2.7834046, 0.116045415, 5, 6
2.779408, 0.116045415, 5, 6
2.775396, 0.116045415, 5, 6
2.772826, 0.116045415, 5, 6
2.7693508, 0.116045415, 5, 6
2.7644188, 0.116045415, 5, 6
2.7574582, 0.116045415, 5, 6
2.7496355, 0.116045415, 5, 6
2.7412305, 0.11439986, 5, 6
2.7348752, 0.11275386, 5, 6
2.7291527, 0.11275386, 5, 6
2.7236264, 0.11275386, 5, 6
2.720779, 0.11110734, 5, 6
2.717939, 0.11110734, 5, 6
2.7144673, 0.11110734, 5, 6
2.7095811, 0.11110734, 5, 6
2.7061098, 0.11110734, 5, 6
2.7061098, 0.11110734, 5, 6
2.7052605, 0.11110734, 5, 6
2.7052605, 0.11110734, 5, 6
2.7052605, 0.11110734, 5, 6
2.7052605, 0.11110734, 5, 6
2.7052605, 0.11110734, 5, 6
2.7052605, 0.11110734, 5, 6
2.7052605, 0.11110734, 5, 6
2.7052605, 0.11110734, 5, 6
2.7052605, 0.11110734, 5, 6
2.7052605, 0.11110734, 5, 6
2.7052605, 0.11110734, 5, 6
2.7052605, 0.11110734, 5, 6
2.7052605, 0.11110734, 5, 6
2.7052605, 0.11110734, 5, 6
2.7052605, 0.10946032, 5, 6
2.7052605, 0.10946032, 5, 6
2.7052605, 0.10946032, 5, 6
2.7052605, 0.10946032, 5, 6
2.7052605, 0.10946032, 5, 6
2.7052605, 0.10946032, 5, 6
2.7052605, 0.10946032, 5, 6
2.7052605, 0.10946032, 5, 6
2.7052605, 0.10946032, 5, 6
2.7052605, 0.10946032, 5, 6
2.7052605, 0.109641545, 5, 6
2.7052605, 0.109641545, 5, 6
2.7052605, 0.109641545, 5, 6
2.7052605, 0.109641545, 5, 6
2.7052605, 0.109641545, 5, 6
2.7052605, 0.109641545, 5, 6
2.7052605, 0.109641545, 5, 6
2.7052605, 0.109641545, 5, 6
2.7052605, 0.109641545, 5, 6
2.7052605, 0.109641545, 5, 6
2.7052605, 0.109641545, 5, 6
2.7052605, 0.109641545, 5, 6
2.7052605, 0.109641545, 5, 6
2.7052605, 0.109641545, 5, 6
2.7052605, 0.109641545, 5, 6
2.7052605, 0.109641545, 5, 6
2.7052605, 0.110188805, 5, 6
2.7052605, 0.11407312, 5, 6
2.708758, 0.12383983, 5, 6
2.7767456, 0.14694506, 5, 6
2.9017577, 0.18460763, 5, 6
3.049651, 0.23771992, 5, 6
-3.0992973, 0.29866868, 5, 6
-2.9755964, 0.364291, 5, 6
-2.8958054, 0.4257287, 5, 6
-2.826439, 0.43633232, 5, 6
-2.7838583, 0.43633232, 5, 6
-2.7606752, 0.43633232, 5, 6
-2.7379656, 0.43633232, 5, 6
-2.7336457, 0.43633232, 5, 6
-2.7307744, 0.43633232, 5, 6
-2.7264802, 0.43633232, 5, 6
-2.7236261, 0.43633232, 5, 6
-2.720779, 0.43633232, 5, 6
-2.7193582, 0.43633232, 5, 6
-2.7165215, 0.43633232, 5, 6
-2.7165215, 0.43633232, 5, 6
-2.715106, 0.43633232, 5, 6
-2.715106, 0.43633232, 5, 6
-2.7122798, 0.43633232, 5, 6
-2.7122798, 0.43633232, 5, 6
-2.7108696, 0.43633232, 5, 6
-2.709461, 0.43633232, 5, 6
-2.7080543, 0.43633232, 5, 6
-2.7080543, 0.43633232, 5, 6
-2.7080543, 0.43633232, 5, 6
-2.7052605, 0.43633232, 5, 6
-2.7052605, 0.43633232, 5, 6
-2.7052605, 0.43633232, 5, 6
-2.7052605, 0.43633232, 5, 6
-2.7052605, 0.43633232, 5, 6
-2.7052605, 0.43633232, 5, 6
-2.7052605, 0.43633232, 5, 6
-2.7052605, 0.43633232, 5, 6
-2.7052605, 0.43633232, 5, 6
-2.7052605, 0.43633232, 5, 6
-2.7052605, 0.43633232, 5, 6
-2.7052605, 0.43633232, 5, 6
-2.7052605, 0.43633232, 5, 6
-2.7052605, 0.43633232, 5, 6
-2.7052605, 0.43633232, 5, 6
-2.7052605, 0.43633232, 5, 6
-2.7052605, 0.43633232, 5, 6
-2.7052605, 0.43633232, 5, 6
-2.7052605, 0.43633232, 5, 6
-2.7053516, 0.43633232, 5, 6
-2.7053516, 0.43633232, 5, 6
-2.7053516, 0.43633232, 5, 6
-2.7053516, 0.43633232, 5, 6
-2.7053516, 0.43633232, 5, 6
-2.7053516, 0.43633232, 5, 6
-2.7053516, 0.43633232, 5, 6
-2.7053516, 0.43633232, 5, 6
-2.7053516, 0.43633232, 5, 6
-2.7053516, 0.43633232, 5, 6
-2.7053516, 0.43633232, 5, 6
-2.7053516, 0.43633232, 5, 6
-2.7052605, 0.43633232, 5, 6
-2.7052605, 0.43633232, 5, 6
-2.7052605, 0.43633232, 5, 6
-2.7061095, 0.43633232, 5, 6
-2.7103493, 0.43633232, 5, 6
-2.7160273, 0.43633232, 5, 6
-2.7160273, 0.43633232, 5, 6
-2.7404735, 0.43633232, 5, 6
-2.7671485, 0.43633232, 5, 6
-2.789601, 0.43633232, 5, 6
-2.809163, 0.43633232, 5, 6
-2.809163, 0.43633232, 5, 6
-2.8222313, 0.43633232, 5, 6
-2.8322842, 0.43633232, 5, 6
-2.8423293, 0.43633232, 5, 6
-2.8423293, 0.43633232, 5, 6
-2.8423293, 0.43633232, 5, 6
-2.840812, 0.43633232, 5, 6
-2.840812, 0.43633232, 5, 6
-2.8392959, 0.43633232, 5, 6
-2.8388247, 0.43633232, 5, 6
-2.8388247, 0.43633232, 5, 6
-2.840343, 0.43633232, 5, 6
-2.840343, 0.43633232, 5, 6
-2.840343, 0.43633232, 5, 6
-2.840343, 0.43633232, 5, 6
-2.840343, 0.43633232, 5, 6
-2.840343, 0.43633232, 5, 6
-2.844905, 0.43633232, 5, 6
-2.8669648, 0.43633232, 5, 6
-2.95238, 0.43633232, 5, 6
3.1069024, 0.43633232, 5, 6
3.1069024, 0.43633232, 5, 6
3.0102565, 0.43633232, 5, 6
3.0102565, 0.43633232, 5, 6
2.9955022, 0.43633232, 5, 6
2.9837377, 0.43633232, 5, 6
2.9764037, 0.43633232, 5, 6
2.9717603, 0.43633232, 5, 6
2.968575, 0.43633232, 5, 6
2.965122, 0.43633232, 5, 6
2.9645975, 0.43633232, 5, 6
2.9640696, 0.43633232, 5, 6
2.9635386, 0.43633232, 5, 6
2.963272, 0.43633232, 5, 6
2.964225, 0.43633232, 5, 6
2.9657145, 0.43633232, 5, 6
2.9666786, 0.43633232, 5, 6
2.9664145, 0.40330425, 5, 6
2.9664145, 0.36924082, 5, 6
2.964918, 0.34161928, 5, 6
2.964918, 0.32479966, 5, 6
2.964918, 0.3106447, 5, 6
2.9646509, 0.3006735, 5, 6
2.9646509, 0.3006735, 5, 6
2.9646509, 0.29454282, 5, 6
2.9646509, 0.29034343, 5, 6
2.9646509, 0.28659752, 5, 6
2.9646509, 0.2847304, 5, 6
2.9646509, 0.28245002, 5, 6
2.965884, 0.28245002, 5, 6
2.965884, 0.2810081, 5, 6
2.965884, 0.27956516, 5, 6
2.965884, 0.27956516, 5, 6
2.965884, 0.27956516, 5, 6
2.965884, 0.27956516, 5, 6
2.965884, 0.27956516, 5, 6
2.965884, 0.27956516, 5, 6
2.965884, 0.27956516, 5, 6
2.965884, 0.27956516, 5, 6
2.965884, 0.27915287, 5, 6
2.965884, 0.27874196, 5, 6
2.965884, 0.27874196, 5, 6
2.965884, 0.27874196, 5, 6
2.965884, 0.27874196, 5, 6
2.9671211, 0.27874196, 5, 6
2.9671211, 0.27874196, 5, 6
2.9671211, 0.27874196, 5, 6
2.9671211, 0.27874196, 5, 6
2.9686255, 0.27874196, 5, 6
2.9686255, 0.27874196, 5, 6
2.9686255, 0.27874196, 5, 6
2.9686255, 0.27874196, 5, 6
2.9686255, 0.27874196, 5, 6
2.9686255, 0.27874196, 5, 6
2.9686255, 0.27874196, 5, 6
2.9686255, 0.27874196, 5, 6
2.9686255, 0.2758606, 5, 6
2.966856, 0.2740142, 5, 6
2.966856, 0.27033338, 5, 6
2.9653502, 0.2666684, 5, 6
2.9653502, 0.26301962, 5, 6
2.9653502, 0.25795254, 5, 6
2.9653502, 0.25508183, 5, 6
2.9653502, 0.25364506, 5, 6
2.966856, 0.25364506, 5, 6
2.9683628, 0.25327414, 5, 6
2.9683628, 0.25327414, 5, 6
2.9683628, 0.25290436, 5, 6
2.9683628, 0.25290436, 5, 6
2.9683628, 0.25110376, 5, 6
2.9683628, 0.24751434, 5, 6
2.9683628, 0.24038345, 5, 6
2.9683628, 0.24038345, 5, 6
2.9683628, 0.2347375, 5, 6
2.9683628, 0.23439899, 5, 6
2.9683628, 0.23297934, 5, 6
2.9683628, 0.23155892, 5, 6
2.9683628, 0.23013766, 5, 6
2.9683628, 0.23013766, 5, 6
2.966856, 0.22871558, 5, 6
2.9653502, 0.22871558, 5, 6
2.9653502, 0.22871558, 5, 6
2.9653502, 0.22871558, 5, 6
2.9653502, 0.2272926, 5, 6
2.9653502, 0.2272926, 5, 6
2.9653502, 0.2272926, 5, 6
2.9653502, 0.2272926, 5, 6
2.9653502, 0.2272926, 5, 6
2.9653502, 0.2272926, 5, 6
2.9653502, 0.2272926, 5, 6
2.9653502, 0.2258688, 5, 6
2.9653502, 0.2258688, 5, 6
2.9653502, 0.22444427, 5, 6
2.9653502, 0.22444427, 5, 6
2.9653502, 0.22301883, 5, 6
2.9653502, 0.22159278, 5, 6
2.965082, 0.22159278, 5, 6
2.965082, 0.22016576, 5, 6
2.9635744, 0.21873794, 5, 6
2.9633033, 0.21730943, 5, 6
2.9633033, 0.21444987, 5, 6
2.9617944, 0.21301901, 5, 6
2.9587784, 0.21301901, 5, 6
2.960286, 0.2095469, 5, 6
2.960286, 0.2081176, 5, 6
2.960286, 0.2081176, 5, 6
2.960286, 0.2081176, 5, 6
2.960286, 0.2081176, 5, 6
2.9587784, 0.2081176, 5, 6
2.9587784, 0.2081176, 5, 6
2.9572716, 0.20781673, 5, 6
2.9557652, 0.20781673, 5, 6
2.9557652, 0.20781673, 5, 6
2.9557652, 0.20781673, 5, 6
2.9557652, 0.20781673, 5, 6
2.9557652, 0.20781673, 5, 6
2.9557652, 0.20781673, 5, 6
2.9557652, 0.20638865, 5, 6
2.9557652, 0.20638865, 5, 6
2.9557652, 0.20638865, 5, 6
2.9557652, 0.20638865, 5, 6
2.9557652, 0.20638865, 5, 6
2.9557652, 0.20638865, 5, 6
2.9572716, 0.20638865, 5, 6
2.9572716, 0.20638865, 5, 6
2.9572716, 0.20638865, 5, 6
2.9542599, 0.20638865, 5, 6
2.9557652, 0.20638865, 5, 6
2.9557652, 0.20495993, 5, 6
2.9557652, 0.20495993, 5, 6
2.9557652, 0.20495993, 5, 6
2.9557652, 0.20495993, 5, 6
2.9557652, 0.20495993, 5, 6
2.9557652, 0.20495993, 5, 6
2.9557652, 0.20495993, 5, 6
2.9557652, 0.20495993, 5, 6
2.9557652, 0.20495993, 5, 6
2.9557652, 0.20495993, 5, 6
2.9557652, 0.20495993, 5, 6
2.9557652, 0.20495993, 5, 6
2.9557652, 0.20495993, 5, 6
2.9557652, 0.20495993, 5, 6
2.9572716, 0.20353039, 5, 6
2.9572716, 0.20210025, 5, 6
2.9572716, 0.20210025, 5, 6
2.9572716, 0.20210025, 5, 6
2.9569907, 0.20210025, 5, 6
2.9569907, 0.20210025, 5, 6
2.9569907, 0.20210025, 5, 6
2.9569907, 0.20210025, 5, 6
2.9539747, 0.20066932, 5, 6
2.9554825, 0.19923757, 5, 6
2.9554825, 0.19694287, 5, 6
2.9539747, 0.1952212, 5, 6
2.9539747, 0.19234762, 5, 6
2.9539747, 0.19234762, 5, 6
2.9539747, 0.19234762, 5, 6
2.9539747, 0.19234762, 5, 6
2.9539747, 0.19090965, 5, 6
2.9539747, 0.1894711, 5, 6
2.9539747, 0.18659177, 5, 6
2.9539747, 0.18659177, 5, 6
2.9539747, 0.18515119, 5, 6
2.9539747, 0.18370993, 5, 6
2.9539747, 0.18226798, 5, 6
2.9539747, 0.18108904, 5, 6
2.9539747, 0.17964369, 5, 6
2.9539747, 0.17964369, 5, 6
2.9539747, 0.17964369, 5, 6
2.9539747, 0.17675112, 5, 6
2.9539747, 0.17530383, 5, 6
2.9539747, 0.17530383, 5, 6
2.9539747, 0.17530383, 5, 6
2.9539747, 0.17530383, 5, 6
2.9539747, 0.17530383, 5, 6
2.9539747, 0.17385605, 5, 6
2.9539747, 0.17411035, 5, 6
2.9539747, 0.17436546, 5, 6
2.9539747, 0.17436546, 5, 6
2.9539747, 0.17291279, 5, 6
2.9539747, 0.1714596, 5, 6
2.9539747, 0.16855113, 5, 6
2.9539747, 0.16855113, 5, 6
2.9539747, 0.14709572, 5, 6
2.9539747, 0.09408703, 5, 6
2.9539747, 0.030116066, 5, 6
2.9539747, -0.051560428, 5, 6
2.9539747, -0.12616396, 5, 6
2.9569907, -0.19631772, 5, 6
2.9585, -0.26002696, 5, 6
2.9600096, -0.31048387, 5, 6
2.9615202, -0.34967172, 5, 6
2.9645433, -0.37465775, 5, 6
2.9675694, -0.3902617, 5, 6
2.9690833, -0.3970524, 5, 6
2.9721134, -0.40245873, 5, 6
2.9754004, -0.40515298, 5, 6
2.9804401, -0.40784135, 5, 6
3.0371027, -0.41186264, 5, 6
3.0371027, -0.41186264, 5, 6
3.1108215, -0.41186264, 5, 6
-3.0771303, -0.41320014, 5, 6
-2.989757, -0.41320014, 5, 6
-2.872611, -0.41320014, 5, 6
-2.836862, -0.41320014, 5, 6
-2.836862, -0.41320014, 5, 6
-2.8044398, -0.41186264, 5, 6
-2.7864752, -0.41186264, 5, 6
-2.7728033, -0.41186264, 5, 6
-2.763898, -0.41186264, 5, 6
-2.755023, -0.41186264, 5, 6
-2.7362063, -0.41186264, 5, 6
-2.712142, -0.41186264, 5, 6
-2.7052605, -0.4124437, 5, 6
-2.7052605, -0.4124437, 5, 6
-2.7052605, -0.4124437, 5, 6
-2.7052605, -0.4124437, 5, 6
-2.7052605, -0.4124437, 5, 6
-2.7052605, -0.4124437, 5, 6
-2.7052605, -0.4124437, 5, 6
-2.7052605, -0.4124437, 5, 6
-2.7052605, -0.4124437, 5, 6
-2.7052605, -0.41378263, 5, 6
-2.7052605, -0.41378263, 5, 6
-2.7052605, -0.41378263, 5, 6
-2.7052605, -0.41378263, 5, 6
-2.7052605, -0.41378263, 5, 6
-2.7052605, -0.41378263, 5, 6
-2.7052605, -0.41378263, 5, 6
-2.7052605, -0.4124437, 5, 6
-2.7052605, -0.4124437, 5, 6
-2.7052605, -0.4124437, 5, 6
-2.7052605, -0.4124437, 5, 6
-2.7052605, -0.41110328, 5, 6
-2.7052605, -0.40976143, 5, 6
-2.7052605, -0.40976143, 5, 6
-2.7052605, -0.40976143, 5, 6
-2.7052605, -0.40976143, 5, 6
-2.7052605, -0.40976143, 5, 6
-2.7052605, -0.40841803, 5, 6
-2.7052605, -0.40841803, 5, 6
-2.7052605, -0.40841803, 5, 6
-2.7052605, -0.40841803, 5, 6
-2.7052605, -0.40841803, 5, 6
-2.7052605, -0.4070731, 5, 6
-2.7052605, -0.4070731, 5, 6
-2.7052605, -0.4070731, 5, 6
-2.7052605, -0.4057267, 5, 6
-2.7052605, -0.4057267, 5, 6
-2.7052605, -0.4057267, 5, 6
-2.7052605, -0.4057267, 5, 6
-2.7052605, -0.4057267, 5, 6
-2.7052605, -0.4057267, 5, 6
-2.7052605, -0.4057267, 5, 6
-2.7052605, -0.4057267, 5, 6
-2.7052605, -0.4057267, 5, 6
-2.7052605, -0.4057267, 5, 6
-2.7052605, -0.4057267, 5, 6
-2.7052605, -0.4057267, 5, 6
-2.7052605, -0.4057267, 5, 6
-2.7052605, -0.4057267, 5, 6
-2.7052605, -0.4057267, 5, 6
-2.7052605, -0.4057267, 5, 6
-2.7052605, -0.4057267, 5, 6
-2.7052605, -0.4057267, 5, 6
-2.7052605, -0.4057267, 5, 6
-2.7052605, -0.4057267, 5, 6
-2.7052605, -0.4057267, 5, 6
-2.7052605, -0.4057267, 5, 6
-2.7052605, -0.4057267, 5, 6
-2.7052605, -0.4057267, 5, 6
-2.7052605, -0.4057267, 5, 6
-2.7052605, -0.4070731, 5, 6
-2.7052605, -0.40841803, 5, 6
-2.7052605, -0.40841803, 5, 6
-2.7052605, -0.40841803, 5, 6
-2.7052605, -0.4057267, 5, 6
-2.7052605, -0.40437886, 5, 6
-2.7052605, -0.40302944, 5, 6
-2.7052605, -0.39784166, 5, 6
-2.7052605, -0.37584564, 5, 6
-2.7052605, -0.3251432, 5, 6
-2.7052605, -0.26859042, 5, 6
-2.7052605, -0.22283335, 5, 6
-2.7052605, -0.17066191, 5, 6
-2.7052605, -0.10784485, 5, 6
-2.7052605, -0.03611767, 5, 6
-2.7052605, 0.04100313, 5, 6
-2.7052605, 0.09309699, 5, 6
-2.7052605, 0.12752572, 5, 6
-2.7052605, 0.15428609, 5, 6
-2.7052605, 0.17200929, 5, 6
-2.7052605, 0.18683459, 5, 6
-2.7052605, 0.19910112, 5, 6
-2.7052605, 0.20946231, 5, 6
-2.7052605, 0.21333775, 5, 6
-2.7052605, 0.21333775, 5, 6
-2.7052605, 0.21519089, 5, 6
-2.7052605, 0.21519089, 5, 6
-2.7052605, 0.21777642, 5, 6
-2.7052605, 0.21648405, 5, 6
-2.7052605, 0.21806203, 5, 6
-2.7052605, 0.21892335, 5, 6
-2.7052605, 0.21892335, 5, 6
-2.7052605, 0.21892335, 5, 6
-2.7052605, 0.21892335, 5, 6
-2.7052605, 0.21921186, 5, 6
-2.7052605, 0.21921186, 5, 6
-2.7052605, 0.21950124, 5, 6
-2.7052605, 0.21979134, 5, 6
-2.7052605, 0.21979134, 5, 6
-2.7052605, 0.21979134, 5, 6
-2.7052605, 0.21979134, 5, 6
-2.7052605, 0.21979134, 5, 6
-2.7052605, 0.21979134, 5, 6
-2.7052605, 0.21979134, 5, 6
-2.7052605, 0.21979134, 5, 6
-2.7052605, 0.21979134, 5, 6
-2.7052605, 0.21979134, 5, 6
-2.7052605, 0.21979134, 5, 6
-2.7052605, 0.21979134, 5, 6
-2.7052605, 0.21979134, 5, 6
-2.7052605, 0.21848767, 5, 6
-2.7052605, 0.21848767, 5, 6
-2.7052605, 0.21848767, 5, 6
-2.7052605, 0.2171832, 5, 6
-2.7052605, 0.2171832, 5, 6
-2.7052605, 0.2171832, 5, 6
-2.7052605, 0.2171832, 5, 6
-2.7052605, 0.21587817, 5, 6
-2.7052605, 0.21587817, 5, 6
-2.7052605, 0.21457241, 5, 6
-2.7052605, 0.21428883, 5, 6
-2.7052605, 0.21112032, 5, 6
-2.7052605, 0.2063926, 5, 6
-2.7052605, 0.1980614, 5, 6
-2.7052605, 0.1883339, 5, 6
-2.7052605, 0.1790095, 5, 6
-2.7052605, 0.17279895, 5, 6
-2.7052605, 0.1637161, 5, 6
-2.7052605, 0.1637161, 5, 6
2.7052605, 0.43633232, 5, 6
2.7052605, 0.43633232, 5, 6
2.7052605, 0.43633232, 5, 6
2.7052605, 0.43633232, 5, 6
2.7052605, 0.43633232, 5, 6
2.7052605, 0.43633232, 5, 6
2.7052605, 0.43633232, 5, 6
2.7052605, 0.43633232, 5, 6
2.7052605, 0.43633232, 5, 6
2.7052605, 0.43633232, 5, 6
2.7052605, 0.43633232, 5, 6
2.7052605, 0.43633232, 5, 6
2.7052605, 0.43633232, 5, 6
2.7052605, 0.43633232, 5, 6
2.7052605, 0.43633232, 5, 6
2.7052605, 0.43633232, 5, 6
2.7052605, 0.43633232, 5, 6
2.7052605, 0.43633232, 5, 6
2.7052605, 0.43633232, 5, 6
2.7166393, 0.43633232, 5, 6
2.7166393, 0.43633232, 5, 6
2.7436101, 0.43633232, 5, 6
2.7860718, 0.43633232, 5, 6
2.8487215, 0.43633232, 5, 6
2.8917437, 0.43633232, 5, 6
2.9449108, 0.43633232, 5, 6
2.9623106, 0.43633232, 5, 6
2.9836707, 0.43633232, 5, 6
2.9938705, 0.43633232, 5, 6
2.9999192, 0.43633232, 5, 6
2.9999192, 0.43633232, 5, 6
3.0072207, 0.43633232, 5, 6
3.011608, 0.43633232, 5, 6
3.0130713, 0.43633232, 5, 6
3.0130713, 0.43633232, 5, 6
3.014535, 0.43633232, 5, 6
3.014535, 0.43633232, 5, 6
3.0149076, 0.43633232, 5, 6
3.015093, 0.43633232, 5, 6
3.0121787, 0.43633232, 5, 6
3.0019932, 0.43633232, 5, 6
3.0019932, 0.43633232, 5, 6
2.9961839, 0.43633232, 5, 6
2.9903831, 0.43633232, 5, 6
2.984591, 0.43633232, 5, 6
2.9773636, 0.43633232, 5, 6
2.9672704, 0.43633232, 5, 6
2.9572077, 0.43633232, 5, 6
2.948887, 0.43633232, 5, 6
2.9431758, 0.43633232, 5, 6
2.9360526, 0.43633232, 5, 6
2.9360526, 0.43633232, 5, 6
2.9360526, 0.43633232, 5, 6
2.9346302, 0.43633232, 5, 6
2.9346302, 0.43633232, 5, 6
2.9346302, 0.43633232, 5, 6
2.9346302, 0.43633232, 5, 6
2.9346302, 0.43633232, 5, 6
2.9346302, 0.43633232, 5, 6
2.9346302, 0.43633232, 5, 6
2.9343317, 0.43633232, 5, 6
2.9337325, 0.43633232, 5, 6
2.934862, 0.43633232, 5, 6
2.9371321, 0.43633232, 5, 6
2.9379764, 0.43633232, 5, 6
2.9379764, 0.43633232, 5, 6
2.9379764, 0.43633232, 5, 6
2.9394176, 0.43633232, 5, 6
2.9391222, 0.43633232, 5, 6
2.9405663, 0.43633232, 5, 6
2.940272, 0.43633232, 5, 6
2.940272, 0.43633232, 5, 6
2.9417188, 0.43633232, 5, 6
2.9417188, 0.43633232, 5, 6
2.9417188, 0.43633232, 5, 6
2.9417188, 0.43633232, 5, 6
2.9417188, 0.43633232, 5, 6
2.9417188, 0.43633232, 5, 6
2.9417188, 0.43633232, 5, 6
2.9417188, 0.43633232, 5, 6
2.9417188, 0.43633232, 5, 6
2.9417188, 0.43633232, 5, 6
2.9417188, 0.43633232, 5, 6
2.9417188, 0.43633232, 5, 6
2.9417188, 0.43633232, 5, 6
2.9417188, 0.43633232, 5, 6
2.9417188, 0.42553917, 5, 6
2.9417188, 0.3374129, 5, 6
2.9417188, 0.3374129, 5, 6
2.9417188, 0.26918036, 5, 6
2.9417188, 0.22147842, 5, 6
2.9417188, 0.17556016, 5, 6
2.9417188, 0.1443248, 5, 6
2.9417188, 0.118214555, 5, 6
2.9417188, 0.09717284, 5, 6
2.9417188, 0.05496597, 5, 6
2.9417188, 0.036558203, 5, 6
2.9417188, 0.036558203, 5, 6
2.9417188, 0.01963516, 5, 6
2.9417188, -0.0069935885, 5, 6
2.9417188, -0.041824695, 5, 6
2.9417188, -0.080640584, 5, 6
2.9417188, -0.114275746, 5, 6
2.9417188, -0.14582145, 5, 6
2.9417188, -0.20920855, 5, 6
2.9417188, -0.23986304, 5, 6
2.9417188, -0.23986304, 5, 6
2.9417188, -0.26781416, 5, 6
2.9417188, -0.28131586, 5, 6
2.9417188, -0.29210764, 5, 6
2.9417188, -0.29840901, 5, 6
2.9417188, -0.30472562, 5, 6
2.9417188, -0.30969042, 5, 6
2.9417188, -0.3142284, 5, 6
2.9417188, -0.31876764, 5, 6
2.9417188, -0.32239833, 5, 6
2.9417188, -0.32604277, 5, 6
2.9417188, -0.32923645, 5, 6
2.9417188, -0.33243307, 5, 6
2.9417188, -0.3342684, 5, 6
2.9417188, -0.33658215, 5, 6
2.9417188, -0.33931458, 5, 6
2.9417188, -0.34116045, 5, 6
2.9417188, -0.34212735, 5, 6
2.9417188, -0.34212735, 5, 6
2.9417188, -0.34212735, 5, 6
2.9431663, -0.34212735, 5, 6
2.9431663, -0.34212735, 5, 6
2.9446144, -0.34212735, 5, 6
2.9446144, -0.34261262, 5, 6
2.9446144, -0.34398234, 5, 6
2.9446144, -0.34398234, 5, 6
2.9446144, -0.34261262, 5, 6
2.9460633, -0.34124157, 5, 6
2.9460633, -0.34124157, 5, 6
2.9460633, -0.34124157, 5, 6
2.9460633, -0.34124157, 5, 6
2.9460633, -0.34124157, 5, 6
2.9460633, -0.34124157, 5, 6
2.9460633, -0.34261262, 5, 6
2.9457765, -0.34261262, 5, 6
2.947228, -0.34398234, 5, 6
2.947228, -0.34398234, 5, 6
2.9486804, -0.34447077, 5, 6
2.9501333, -0.3458409, 5, 6
2.9501333, -0.3458409, 5, 6
2.9515872, -0.3458409, 5, 6
2.9530416, -0.3458409, 5, 6
2.9544966, -0.34447077, 5, 6
2.9544966, -0.34447077, 5, 6
2.9559524, -0.34447077, 5, 6
2.9588661, -0.34447077, 5, 6
2.960324, -0.34447077, 5, 6
2.9632418, -0.34447077, 5, 6
2.964702, -0.34447077, 5, 6
2.964702, -0.34447077, 5, 6
2.9676235, -0.34447077, 5, 6
2.9690852, -0.34447077, 5, 6
2.9720109, -0.34447077, 5, 6
2.9720109, -0.34309945, 5, 6
2.9720109, -0.34309945, 5, 6
2.9734745, -0.34172672, 5, 6
2.9768903, -0.34172672, 5, 6
2.979575, -0.3403528, 5, 6
2.9810398, -0.3403528, 5, 6
2.9839706, -0.33622384, 5, 6
2.9856675, -0.32145253, 5, 6
2.98736, -0.29365328, 5, 6
2.9888234, -0.2464656, 5, 6
2.991752, -0.19719435, 5, 6
2.9951146, -0.06582553, 5, 6
2.9980392, 0.03540503, 5, 6
2.9980392, 0.14473948, 5, 6
3.0011725, 0.23002839, 5, 6
3.0042987, 0.30644667, 5, 6
3.007418, 0.36293438, 5, 6
3.010338, 0.4111899, 5, 6
3.01326, 0.43633232, 5, 6
3.0163677, 0.43633232, 5, 6
3.0207505, 0.43633232, 5, 6
3.025137, 0.43633232, 5, 6
3.025137, 0.43633232, 5, 6
3.0280638, 0.43633232, 5, 6
3.0353873, 0.43633232, 5, 6
3.0412533, 0.43633232, 5, 6
3.0474026, 0.43633232, 5, 6
3.0519288, 0.43633232, 5, 6
3.0564451, 0.43633232, 5, 6
3.05937, 0.43633232, 5, 6
3.0654464, 0.43633232, 5, 6
3.0741098, 0.43633232, 5, 6
3.0741098, 0.43633232, 5, 6
3.0770369, 0.43633232, 5, 6
3.0799649, 0.43633232, 5, 6
3.0828936, 0.43633232, 5, 6
3.0858233, 0.43633232, 5, 6
3.0888314, 0.43633232, 5, 6
3.0917583, 0.43633232, 5, 6
3.0932221, 0.43633232, 5, 6
3.094686, 0.43633232, 5, 6
3.0947547, 0.43633232, 5, 6
3.0948231, 0.43633232, 5, 6
3.096283, 0.43633232, 5, 6
3.0977428, 0.43633232, 5, 6
3.0977428, 0.43633232, 5, 6
3.0977428, 0.43633232, 5, 6
3.099203, 0.43633232, 5, 6
3.1006634, 0.43633232, 5, 6
3.1021237, 0.43633232, 5, 6
3.1035843, 0.43633232, 5, 6
3.1035843, 0.43633232, 5, 6
3.104938, 0.43633232, 5, 6
3.1064034, 0.43633232, 5, 6
3.1064034, 0.43633232, 5, 6
3.1064034, 0.43633232, 5, 6
3.1064034, 0.43633232, 5, 6
3.1062999, 0.43633232, 5, 6
3.1062999, 0.43633232, 5, 6
3.1062999, 0.43633232, 5, 6
3.1062999, 0.43633232, 5, 6
3.106248, 0.43633232, 5, 6
3.106248, 0.43633232, 5, 6
3.1061957, 0.43633232, 5, 6
3.1076195, 0.43633232, 5, 6
3.1076195, 0.43633232, 5, 6
3.1076195, 0.43633232, 5, 6
3.1090956, 0.43633232, 5, 6
3.1090956, 0.43633232, 5, 6
3.1090956, 0.43633232, 5, 6
3.1090956, 0.43633232, 5, 6
3.1090956, 0.43633232, 5, 6
3.1090956, 0.43633232, 5, 6
3.1090956, 0.43633232, 5, 6
3.1090956, 0.38496718, 5, 6
3.1089995, 0.16824639, 5, 6
3.1089995, 0.16824639, 5, 6
3.108951, 0.065933906, 5, 6
3.108951, -0.086381614, 5, 6
3.1089027, -0.14378901, 5, 6
3.1088538, -0.18737239, 5, 6
3.1088538, -0.23545088, 5, 6
3.1088538, -0.2679835, 5, 6
3.1088538, -0.29922897, 5, 6
3.1088538, -0.29922897, 5, 6
3.1088052, -0.31767365, 5, 6
3.1088052, -0.32611966, 5, 6
3.1088052, -0.331726, 5, 6
3.1088052, -0.33591795, 5, 6
3.1088052, -0.33870625, 5, 6
3.1088052, -0.3414897, 5, 6
3.1087563, -0.34386858, 5, 6
3.1087563, -0.34665114, 5, 6
3.1087563, -0.3513203, 5, 6
3.1087563, -0.3513203, 5, 6
3.1087563, -0.35321566, 5, 6
3.1087563, -0.35460314, 5, 6
3.1087563, -0.35460314, 5, 6
3.1087563, -0.3559894, 5, 6
3.1087563, -0.3559894, 5, 6
3.1087563, -0.35737425, 5, 6
3.1102479, -0.35737425, 5, 6
3.1102479, -0.35737425, 5, 6
3.1102479, -0.35737425, 5, 6
3.1102479, -0.35737425, 5, 6
3.1102479, -0.35737425, 5, 6
3.1102479, -0.35737425, 5, 6
3.1102479, -0.35737425, 5, 6
3.1102479, -0.35737425, 5, 6
3.1102479, -0.3559894, 5, 6
3.1102479, -0.3559894, 5, 6
3.1102479, -0.3559894, 5, 6
3.1102479, -0.3559894, 5, 6
3.1102479, -0.3559894, 5, 6
3.1102479, -0.3559894, 5, 6
3.1102479, -0.35650206, 5, 6
3.1102479, -0.35650206, 5, 6
3.1102011, -0.35650206, 5, 6
3.1102011, -0.35650206, 5, 6
3.1102011, -0.35650206, 5, 6
3.1087072, -0.35650206, 5, 6
3.1087072, -0.35788858, 5, 6
3.1072135, -0.35788858, 5, 6
3.1056123, -0.35511416, 5, 6
3.104114, -0.353725, 5, 6
3.104114, -0.353725, 5, 6
3.1025577, -0.353725, 5, 6
3.1010578, -0.353725, 5, 6
3.0995579, -0.353725, 5, 6
3.096491, -0.353725, 5, 6
3.097993, -0.353725, 5, 6
3.096491, -0.35511416, 5, 6
3.0934157, -0.35511416, 5, 6
3.0934157, -0.35650206, 5, 6
3.091912, -0.35650206, 5, 6
3.0903318, -0.35650206, 5, 6
3.0903318, -0.35650206, 5, 6
3.0903318, -0.35650206, 5, 6
3.0903318, -0.35650206, 5, 6
3.0872395, -0.35650206, 5, 6
3.0887468, -0.35650206, 5, 6
3.0872395, -0.35650206, 5, 6
3.0872395, -0.35650206, 5, 6
3.0872395, -0.35650206, 5, 6
3.0872395, -0.35788858, 5, 5
3.0872395, -0.35788858, 5, 5
3.0872395, -0.35788858, 5, 5
3.0856478, -0.353725, 5, 5
3.0856478, -0.35094267, 5, 5
3.0856478, -0.35094267, 5, 5
3.0856478, -0.34815508, 5, 5
3.0856478, -0.34815508, 5, 5
3.0856478, -0.34815508, 5, 5
3.0856478, -0.34815508, 5, 5
3.0856478, -0.34815508, 5, 5
3.0856478, -0.34815508, 5, 5
3.0856478, -0.34815508, 5, 5
3.0856478, -0.34815508, 5, 5
3.0856478, -0.34815508, 5, 5
3.0856478, -0.34815508, 5, 5
3.0856478, -0.34954956, 5, 5
3.0856478, -0.35195905, 5, 5
3.0841384, -0.35577697, 5, 5
3.0814838, -0.35960892, 5, 5
1234.0, -0.36345455, 5, 5
1234.0, -0.36731395, 5, 5
1234.0, -0.37118712, 5, 5
1234.0, -0.37647265, 5, 5
1234.0, -0.37647265, 5, 5
1234.0, -0.39265275, 5, 5
1234.0, -0.40942907, 5, 5
1234.0, -0.42088896, 5, 5
1234.0, -0.43434247, 5, 5
1234.0, -0.43633232, 5, 5
1234.0, -0.43633232, 5, 5
1234.0, -0.43633232, 5, 5
1234.0, -0.43633232, 5, 5
1234.0, -0.43633232, 5, 5
1234.0, -0.43633232, 5, 5
1234.0, -0.43633232, 5, 5
1234.0, -0.43633232, 5, 5
1234.0, -0.43633232, 5, 5
1234.0, -0.43633232, 5, 5
1234.0, -0.43633232, 5, 5
1234.0, -0.43633232, 5, 5
1234.0, -0.43633232, 5, 5
1234.0, -0.43633232, 5, 5
1234.0, -0.43633232, 5, 5
1234.0, -0.43633232, 5, 5
1234.0, -0.43633232, 5, 5
1234.0, -0.43633232, 5, 5
1234.0, -0.43633232, 5, 5
1234.0, -0.43633232, 5, 5
1234.0, -0.43633232, 5, 5
1234.0, -0.43633232, 5, 5
1234.0, -0.43633232, 5, 5
1234.0, -0.43633232, 5, 5
1234.0, -0.43633232, 5, 5
1234.0, -0.43633232, 5, 5
1234.0, -0.43633232, 5, 5
1234.0, -0.43633232, 5, 5
1234.0, -0.43633232, 5, 5
1234.0, -0.43633232, 5, 5
1234.0, -0.43633232, 5, 5
1234.0, -0.43633232, 5, 5
1234.0, -0.43633232, 5, 5
1234.0, -0.43633232, 5, 5
1234.0, -0.43633232, 5, 5
1234.0, -0.43633232, 5, 5
1234.0, -0.43633232, 5, 5
1234.0, -0.43633232, 5, 5
1234.0, -0.43633232, 5, 5
1234.0, -0.43633232, 5, 5
1234.0, -0.43633232, 5, 5
1234.0, -0.43633232, 5, 5
1234.0, -0.43633232, 5, 5
1234.0, -0.43633232, 5, 5
1234.0, -0.43633232, 5, 5
1234.0, -0.43633232, 5, 5
1234.0, -0.43633232, 5, 5
1234.0, -0.43633232, 5, 5
1234.0, -0.43633232, 5, 5
1234.0, -0.43633232, 5, 5
1234.0, -0.43633232, 5, 5
1234.0, -0.43633232, 5, 5
1234.0, -0.43633232, 5, 5
1234.0, -0.43633232, 5, 5
1234.0, -0.43633232, 5, 5
1234.0, -0.43633232, 5, 5
1234.0, -0.43633232, 5, 5
1234.0, -0.43633232, 5, 5
1234.0, -0.43633232, 5, 5
1234.0, -0.43539247, 5, 5
1234.0, -0.43539247, 5, 5
1234.0, -0.29041192, 5, 5
1234.0, -0.29041192, 5, 5
1234.0, -0.20435287, 5, 5
1234.0, -0.12763426, 5, 5
-2.7052605, 0.069547504, 5, 5
-2.7052605, 0.069547504, 5, 5
-2.7052605, 0.36535364, 5, 5
-2.7052605, 0.36535364, 5, 5
-2.7052605, 0.43633232, 5, 5
-2.7052605, 0.43633232, 5, 5
-2.7052605, 0.43633232, 5, 5
-2.7052605, 0.43633232, 5, 5
-2.7052605, 0.43633232, 5, 5
-2.7052605, 0.43633232, 5, 5
-2.7052605, 0.43633232, 5, 5
-2.7052605, 0.43633232, 5, 5
-2.7052605, 0.43633232, 5, 5
-2.7052605, 0.43633232, 5, 5
-2.7052605, 0.43633232, 5, 5
-2.7052605, 0.43633232, 5, 5
-2.7052605, 0.43633232, 5, 5
-2.7052605, 0.43633232, 5, 5
-2.7052605, 0.43633232, 5, 5
-2.7052605, 0.43633232, 5, 5
-2.7052605, 0.43633232, 5, 5
-2.7052605, 0.43633232, 5, 5
-2.7052605, 0.43633232, 5, 5
-2.7052605, 0.43633232, 5, 5
-2.7052605, 0.43633232, 5, 5
-2.7052605, 0.43633232, 5, 5
-2.7052605, 0.43633232, 5, 5
-2.7052605, 0.43633232, 5, 5
-2.7052605, 0.43633232, 5, 5
-2.7052605, 0.43633232, 5, 5
-2.7052605, 0.43633232, 5, 5
-2.7052605, 0.43633232, 5, 5
-2.7052605, 0.43633232, 5, 5
-2.7052605, 0.43633232, 5, 5
-2.7052605, 0.43633232, 5, 5
-2.7052605, 0.43633232, 5, 5
-2.7052605, 0.43633232, 5, 5
-2.7052605, 0.43633232, 5, 5
-2.7052605, 0.43633232, 5, 5
-2.7052605, 0.43633232, 5, 5
-2.7052605, 0.43633232, 5, 5
-2.7052605, 0.43633232, 5, 5
-2.7052605, 0.43633232, 5, 5
-2.7052605, 0.43633232, 5, 5
-2.7052605, 0.43633232, 5, 5
-2.7052605, 0.43633232, 5, 5
-2.7052605, 0.43633232, 5, 5
-2.7052605, 0.43633232, 5, 5
-2.7052605, 0.43633232, 5, 5
-2.7052605, 0.43633232, 5, 5
-2.7052605, 0.43633232, 5, 5
-2.7052605, 0.43633232, 5, 5
-2.7052605, 0.43633232, 5, 5
-2.7052605, 0.43633232, 5, 5
-2.7052605, 0.43633232, 5, 5
-2.7052605, 0.43633232, 5, 5
-2.7052605, 0.43633232, 5, 5
-2.7052605, 0.43633232, 5, 5
-2.7052605, 0.43633232, 5, 5
-2.7052605, 0.43633232, 5, 5
-2.7052605, 0.43633232, 5, 5
-2.7052605, 0.43633232, 5, 5
-2.7052605, 0.43633232, 5, 5
-2.7052605, 0.43633232, 5, 5
-2.7052605, 0.43633232, 5, 5
-2.7052605, 0.43633232, 5, 5
-2.7052605, 0.43633232, 5, 5
-2.7052605, 0.43633232, 5, 5
-2.7052605, 0.43633232, 5, 5
-2.7052605, 0.43633232, 5, 5
-2.7052605, 0.43633232, 5, 5
-2.7052605, 0.43633232, 5, 5
-2.7052605, 0.43633232, 5, 5
-2.7052605, 0.43633232, 5, 5
-2.7052605, 0.43633232, 5, 5
-2.7052605, 0.43633232, 5, 5
-2.7052605, 0.43633232, 5, 5
-2.7052605, 0.43633232, 5, 5
-2.7052605, 0.43633232, 5, 5
-2.7052605, 0.43633232, 5, 5
-2.7052605, 0.43633232, 5, 5
-2.7052605, 0.43633232, 5, 5
-2.7052605, 0.43633232, 5, 5
-2.7052605, 0.43633232, 5, 5
-2.7052605, 0.43633232, 5, 5
-2.7052605, 0.43633232, 5, 5
-2.7052605, 0.43633232, 5, 5
-2.7052605, 0.43633232, 5, 5
-2.7052605, 0.38540238, 5, 5
-2.7052605, 0.18220703, 5, 5
-2.7052605, -0.046739984, 5, 5
-2.7052605, -0.23471427, 5, 5
-2.7052605, -0.37093607, 5, 5
1234.0, -0.43633232, 5, 5
1234.0, -0.43633232, 5, 5
1234.0, -0.43633232, 5, 5
1234.0, -0.43633232, 5, 5
1234.0, -0.43633232, 5, 5
1234.0, -0.43633232, 5, 5
1234.0, -0.43633232, 5, 5
1234.0, -0.43633232, 5, 5
1234.0, -0.43633232, 5, 5
2.8942654, -0.43633232, 5, 5
2.8942654, -0.43633232, 5, 5
2.8942654, -0.43633232, 5, 5
2.890695, -0.43633232, 5, 5
2.884508, -0.43633232, 5, 5
2.8782306, -0.43633232, 5, 5
2.869795, -0.43633232, 5, 5
2.8612454, -0.43633232, 5, 5
2.8558877, -0.43633232, 5, 5
2.8484163, -0.43633232, 5, 5
2.8326044, -0.43633232, 5, 5
2.8216023, -0.43633232, 5, 5
2.8092754, -0.43633232, 5, 5
2.80111, -0.43633232, 5, 5
2.7970438, -0.43633232, 5, 5
2.7950146, -0.43633232, 5, 5
2.7909641, -0.43633232, 5, 5
2.7909641, -0.43633232, 5, 5
2.786925, -0.43633232, 5, 5
2.786925, -0.43633232, 5, 5
2.7856545, -0.43633232, 5, 5
2.7871344, -0.43633232, 5, 5
2.7871344, -0.43633232, 5, 5
2.7871344, -0.43633232, 5, 5
2.7871344, -0.43633232, 5, 5
2.7858713, -0.43633232, 5, 5
2.7866075, -0.43633232, 5, 5
2.7866075, -0.43633232, 5, 5
2.7833652, -0.43633232, 5, 5
2.7833652, -0.43633232, 5, 5
2.7833652, -0.43633232, 5, 5
2.7833652, -0.43633232, 5, 5
2.7821221, -0.43633232, 5, 5
2.7808857, -0.43633232, 5, 5
2.7808857, -0.43633232, 5, 5
2.7808857, -0.43633232, 5, 5
2.7808857, -0.43633232, 5, 5
2.7816238, -0.43633232, 5, 5
2.779656, -0.43633232, 5, 5
2.779656, -0.43633232, 5, 5
2.7791717, -0.43633232, 5, 5
2.7767448, -0.43633232, 5, 5
2.7743435, -0.43633232, 5, 5
2.7738903, -0.43633232, 5, 5
2.771527, -0.43633232, 5, 5
2.7677064, -0.43633232, 5, 5
2.7634954, -0.43633232, 5, 5
2.759714, -0.43633232, 5, 5
2.755943, -0.43633232, 5, 5
2.7529466, -0.43633232, 5, 5
2.7492034, -0.43633232, 5, 5
2.7492034, -0.43633232, 5, 5
2.7492034, -0.43633232, 5, 5
2.7510736, -0.43633232, 5, 5
2.747336, -0.43633232, 5, 5
2.747336, -0.43633232, 5, 5
2.7492034, -0.43633232, 5, 5
2.7492034, -0.43633232, 5, 5
2.7492034, -0.43633232, 5, 5
1234.0, -0.43633232, 5, 5
1234.0, -0.43633232, 5, 5
1234.0, -0.43633232, 5, 5
1234.0, -0.43633232, 5, 5
1234.0, -0.43633232, 5, 5
1234.0, -0.43633232, 5, 5
1234.0, -0.43633232, 5, 5
1234.0, -0.43633232, 5, 5
1234.0, -0.43633232, 5, 5
1234.0, -0.43633232, 5, 5
1234.0, -0.43633232, 5, 5
1234.0, -0.43633232, 5, 5
1234.0, -0.43633232, 5, 5
1234.0, -0.43633232, 5, 5
1234.0, -0.43633232, 5, 5
1234.0, -0.43633232, 5, 5
1234.0, -0.43633232, 5, 5
1234.0, -0.43633232, 5, 5
1234.0, -0.43633232, 5, 5
1234.0, -0.43633232, 5, 5
1234.0, -0.43633232, 5, 5
1234.0, -0.43633232, 5, 5
1234.0, -0.43633232, 5, 5
1234.0, -0.43633232, 5, 5
1234.0, -0.43633232, 5, 5
1234.0, -0.43633232, 5, 5
1234.0, -0.43633232, 5, 5
1234.0, 1234.0, 5, 5
1234.0, 1234.0, 5, 5
1234.0, 1234.0, 5, 5
1234.0, 1234.0, 5, 5
1234.0, 1234.0, 5, 5
1234.0, 1234.0, 5, 5
1234.0, 1234.0, 5, 5
1234.0, 1234.0, 5, 5
1234.0, 1234.0, 5, 5
1234.0, 1234.0, 5, 5
1234.0, 1234.0, 5, 5
1234.0, 1234.0, 5, 5
1234.0, 1234.0, 5, 5
1234.0, 1234.0, 5, 5
1234.0, 1234.0, 5, 5
1234.0, 1234.0, 5, 5
1234.0, 1234.0, 5, 5
1234.0, 1234.0, 5, 5
1234.0, 1234.0, 5, 5
1234.0, 1234.0, 5, 5
1234.0, 1234.0, 5, 5
1234.0, 1234.0, 5, 5
1234.0, 1234.0, 5, 5
1234.0, 1234.0, 5, 5
1234.0, 1234.0, 5, 5
1234.0, 1234.0, 5, 5
1234.0, 1234.0, 5, 5
1234.0, 1234.0, 5, 5
1234.0, 1234.0, 5, 5
1234.0, 1234.0, 5, 5
1234.0, 1234.0, 5, 5
1234.0, 1234.0, 5, 5
1234.0, 1234.0, 5, 5
1234.0, 1234.0, 5, 5
1234.0, 1234.0, 5, 5
1234.0, 1234.0, 5, 5
1234.0, 1234.0, 5, 5
1234.0, 1234.0, 5, 5
1234.0, 1234.0, 5, 5
1234.0, 1234.0, 5, 5
1234.0, 1234.0, 5, 5
1234.0, 1234.0, 5, 5
1234.0, 1234.0, 5, 5
1234.0, 1234.0, 5, 5
1234.0, 1234.0, 5, 5
1234.0, 1234.0, 5, 5
1234.0, 1234.0, 5, 5
1234.0, 1234.0, 5, 5
1234.0, 1234.0, 5, 5
1234.0, 1234.0, 5, 5
1234.0, 1234.0, 5, 5
1234.0, 1234.0, 5, 5
1234.0, 1234.0, 5, 5
1234.0, 1234.0, 5, 5
1234.0, 1234.0, 5, 5
1234.0, 1234.0, 5, 5
1234.0, 1234.0, 5, 5
1234.0, 1234.0, 5, 5
1234.0, 1234.0, 5, 5
1234.0, 1234.0, 5, 5
1234.0, 1234.0, 5, 5
1234.0, 1234.0, 5, 5
1234.0, 1234.0, 5, 5
1234.0, 1234.0, 5, 5
1234.0, 1234.0, 5, 5
1234.0, 1234.0, 5, 5
1234.0, 1234.0, 5, 5
1234.0, 1234.0, 5, 5
1234.0, 1234.0, 5, 5
1234.0, 1234.0, 5, 5
1234.0, 1234.0, 5, 5
1234.0, 1234.0, 5, 5
1234.0, 1234.0, 5, 5
1234.0, 1234.0, 5, 5
1234.0, 1234.0, 5, 5
1234.0, 1234.0, 5, 5
1234.0, 1234.0, 5, 5
1234.0, 1234.0, 5, 5
1234.0, 1234.0, 5, 5
1234.0, 1234.0, 5, 5
1234.0, 1234.0, 5, 5
1234.0, 1234.0, 5, 5
1234.0, 1234.0, 5, 5
1234.0, 1234.0, 5, 5
1234.0, 1234.0, 5, 5
1234.0, 1234.0, 5, 5
1234.0, 1234.0, 5, 5
1234.0, 1234.0, 5, 5
1234.0, 1234.0, 5, 5
1234.0, 1234.0, 5, 5
1234.0, 1234.0, 5, 5
1234.0, 1234.0, 5, 5
1234.0, 1234.0, 5, 5
1234.0, 1234.0, 5, 5
1234.0, 1234.0, 5, 5
1234.0, 1234.0, 5, 5
1234.0, 1234.0, 5, 5
1234.0, 1234.0, 5, 5
1234.0, 1234.0, 5, 5
1234.0, 1234.0, 5, 5
1234.0, 1234.0, 5, 5
1234.0, 1234.0, 5, 5
1234.0, 1234.0, 5, 5
1234.0, 1234.0, 5, 5
1234.0, 1234.0, 5, 5
1234.0, 1234.0, 5, 5
1234.0, 1234.0, 5, 5
1234.0, 1234.0, 5, 5
1234.0, 1234.0, 5, 5
1234.0, 1234.0, 5, 5
1234.0, 1234.0, 5, 5
1234.0, 1234.0, 5, 5
1234.0, 1234.0, 5, 5
1234.0, 1234.0, 5, 5
1234.0, 1234.0, 5, 5
1234.0, 1234.0, 5, 5
1234.0, 1234.0, 5, 5
1234.0, 1234.0, 5, 5
1234.0, 1234.0, 5, 5
1234.0, 1234.0, 5, 5
1234.0, 1234.0, 5, 5
1234.0, 1234.0, 5, 5
1234.0, 1234.0, 5, 5
1234.0, 1234.0, 5, 5
1234.0, 1234.0, 5, 5
1234.0, 1234.0, 5, 5
1234.0, 1234.0, 5, 5
1234.0, 1234.0, 5, 5
1234.0, 1234.0, 5, 5
1234.0, 1234.0, 5, 5
1234.0, 1234.0, 5, 5
1234.0, 1234.0, 5, 5
1234.0, 1234.0, 5, 5
1234.0, 1234.0, 5, 5
1234.0, 1234.0, 5, 5
1234.0, 1234.0, 5, 5
1234.0, 1234.0, 5, 5
1234.0, 1234.0, 5, 5
1234.0, 1234.0, 5, 5
1234.0, 1234.0, 5, 5
1234.0, 1234.0, 5, 5
1234.0, 1234.0, 5, 5
1234.0, 1234.0, 5, 5
1234.0, 1234.0, 5, 5
1234.0, 1234.0, 5, 5
1234.0, 1234.0, 5, 5
1234.0, 0.010677198, 5, 5
1234.0, 0.010734505, 5, 5
3.0461783, 0.010734505, 5, 5
3.0481565, 0.010734505, 5, 5
3.050316, 0.010734505, 5, 5
3.0522914, 0.010734505, 5, 5
3.0526435, 0.010753743, 5, 5
3.0526435, 0.010773051, 5, 5
3.0549536, 0.010811874, 5, 5
3.0551236, 0.010811874, 5, 5
3.0551236, 0.010811874, 5, 5
3.0570807, 0.010811874, 5, 5
3.0559633, 0.010811874, 5, 5
1234.0, 1234.0, 5, 5
1234.0, 1234.0, 5, 5
1234.0, 1234.0, 5, 5
1234.0, 1234.0, 5, 5
1234.0, 1234.0, 5, 5
1234.0, 1234.0, 5, 5
1234.0, 1234.0, 5, 5
